Time of Day,Activity,Age,Heart Rate,Weather,Day of Week,Recent Events,Battery Status,Sleep Score,Daily Activity,Sleep,Running,Swimming,Calories Burn,Heart Rate (show),Steps,Consumed,Weather (show),Chance of Rain,Events,Battery
Night,Running,15,175,Rainy,Weekday,YES,50,4,1,1,1,0,1,1,1,0,1,1,1,0
Morning,Running,98,161,Rainy,Holiday,YES,20,93,1,0,1,0,1,1,1,0,1,1,1,0
Night,Driving,48,46,Rainy,Holiday,NO,55,41,1,1,0,0,0,1,0,0,1,1,0,0
Night,Walking,69,43,Cold,Weekday,YES,81,45,1,1,0,0,1,1,1,0,1,0,1,0
Morning,Resting,37,42,Clear,Weekday,NO,2,50,0,1,0,0,0,1,0,0,0,0,0,1
Morning,Walking,63,164,Clear,Holiday,YES,25,79,1,0,0,0,1,1,1,0,0,0,1,0
Night,Walking,46,157,Clear,Weekday,YES,13,28,1,1,0,0,1,1,1,0,0,0,1,1
Noon,Running,18,73,Clear,Holiday,NO,92,42,1,1,1,0,1,0,1,0,0,0,0,0
Night,Walking,91,148,Clear,Holiday,NO,70,80,1,0,0,0,1,1,1,0,0,0,0,0
Night,Swimming,65,172,Clear,Weekday,YES,67,76,1,0,0,1,1,1,0,0,0,0,1,0
Night,Running,68,48,Clear,Weekday,NO,58,69,1,0,1,0,1,1,1,0,0,0,0,0
Night,Swimming,94,92,Clear,Holiday,NO,99,98,1,0,0,1,1,0,0,0,0,0,0,0
Morning,Resting,11,192,Cold,Holiday,YES,82,1,0,1,0,0,0,1,0,0,1,0,1,0
Night,Running,70,110,Clear,Holiday,YES,75,39,1,1,1,0,1,1,1,0,0,0,1,0
Noon,Resting,67,192,Cold,Weekday,YES,84,96,0,0,0,0,0,1,0,1,1,0,1,0
Morning,Running,69,176,Rainy,Holiday,NO,64,90,1,0,1,0,1,1,1,0,1,1,0,0
Noon,Driving,49,177,Clear,Holiday,NO,69,17,1,1,0,0,0,1,0,0,0,0,0,0
Noon,Walking,45,129,Rainy,Holiday,NO,83,91,1,0,0,0,1,1,1,0,1,1,0,0
Noon,Driving,46,192,Rainy,Holiday,NO,86,88,1,0,0,0,0,1,0,0,1,1,0,0
Noon,Resting,88,189,Rainy,Holiday,YES,59,35,0,1,0,0,0,1,0,1,1,1,1,0
Morning,Walking,27,151,Cold,Weekday,NO,60,46,1,1,0,0,1,1,1,0,1,0,0,0
Morning,Running,72,73,Rainy,Holiday,YES,83,42,1,1,1,0,1,0,1,0,1,1,1,0
Noon,Walking,31,133,Rainy,Holiday,NO,62,39,1,1,0,0,1,1,1,0,1,1,0,0
Noon,Swimming,20,181,Rainy,Holiday,YES,16,90,1,0,0,1,1,1,0,0,1,1,1,1
Morning,Walking,67,90,Clear,Holiday,YES,88,49,1,1,0,0,1,0,1,0,0,0,1,0
Morning,Swimming,66,154,Clear,Weekday,YES,68,62,1,0,0,1,1,1,0,0,0,0,1,0
Morning,Walking,86,174,Cold,Weekday,NO,15,38,1,1,0,0,1,1,1,0,1,0,0,1
Night,Swimming,13,100,Cold,Weekday,YES,89,23,1,1,0,1,1,0,0,0,1,0,1,0
Night,Resting,95,136,Clear,Holiday,YES,55,22,0,1,0,0,0,1,0,1,0,0,1,0
Night,Driving,16,79,Cold,Holiday,NO,35,4,1,1,0,0,0,0,0,0,1,0,0,0
Noon,Running,70,94,Clear,Weekday,YES,55,49,1,1,1,0,1,0,1,0,0,0,1,0
Night,Walking,63,128,Rainy,Weekday,NO,14,59,1,1,0,0,1,1,1,0,1,1,0,1
Noon,Driving,97,61,Rainy,Weekday,NO,49,73,1,0,0,0,0,0,0,0,1,1,0,0
Noon,Running,77,193,Cold,Holiday,YES,83,68,1,0,1,0,1,1,1,0,1,0,1,0
Night,Running,88,170,Clear,Holiday,YES,100,71,1,0,1,0,1,1,1,0,0,0,1,0
Noon,Swimming,10,87,Clear,Weekday,NO,7,87,1,0,0,1,1,0,0,0,0,0,0,1
Night,Resting,64,157,Cold,Weekday,YES,30,2,0,1,0,0,0,1,0,1,1,0,1,0
Night,Resting,12,171,Clear,Weekday,NO,83,49,0,1,0,0,0,1,0,1,0,0,0,0
Morning,Driving,87,194,Rainy,Holiday,NO,49,88,1,0,0,0,0,1,0,0,1,1,0,0
Night,Resting,47,141,Cold,Holiday,NO,89,95,0,0,0,0,0,1,0,1,1,0,0,0
Morning,Walking,10,97,Cold,Holiday,YES,16,31,1,1,0,0,1,0,1,0,1,0,1,1
Night,Resting,47,69,Clear,Weekday,NO,51,40,0,1,0,0,0,0,0,1,0,0,0,0
Night,Driving,94,173,Cold,Weekday,YES,72,48,1,1,0,0,0,1,0,0,1,0,1,0
Morning,Resting,38,161,Clear,Holiday,YES,82,51,0,1,0,0,0,1,0,0,0,0,1,0
Morning,Walking,14,119,Clear,Weekday,YES,92,43,1,1,0,0,1,1,1,0,0,0,1,0
Night,Swimming,83,57,Clear,Holiday,YES,80,98,1,0,0,1,1,1,0,0,0,0,1,0
Noon,Driving,30,125,Clear,Weekday,NO,83,55,1,1,0,0,0,1,0,0,0,0,0,0
Morning,Swimming,80,60,Clear,Weekday,YES,42,88,1,0,0,1,1,0,0,0,0,0,1,0
Noon,Swimming,76,32,Cold,Weekday,NO,17,49,1,1,0,1,1,1,0,0,1,0,0,1
Noon,Swimming,56,165,Rainy,Weekday,NO,63,90,1,0,0,1,1,1,0,0,1,1,0,0
Noon,Running,93,53,Rainy,Holiday,YES,45,80,1,0,1,0,1,1,1,0,1,1,1,0
Morning,Running,92,44,Cold,Weekday,NO,77,57,1,1,1,0,1,1,1,0,1,0,0,0
Noon,Swimming,44,200,Cold,Holiday,NO,7,77,1,0,0,1,1,1,0,0,1,0,0,1
Morning,Driving,77,188,Rainy,Holiday,YES,27,15,1,1,0,0,0,1,0,0,1,1,1,0
Noon,Walking,78,74,Rainy,Holiday,NO,10,27,1,1,0,0,1,0,1,0,1,1,0,1
Night,Walking,10,37,Rainy,Weekday,NO,34,68,1,0,0,0,1,1,1,0,1,1,0,0
Night,Resting,77,100,Rainy,Holiday,NO,36,80,0,0,0,0,0,0,0,1,1,1,0,0
Morning,Driving,21,137,Rainy,Holiday,NO,25,64,1,0,0,0,0,1,0,0,1,1,0,0
Night,Running,69,144,Clear,Holiday,YES,6,94,1,0,1,0,1,1,1,0,0,0,1,1
Night,Swimming,36,132,Cold,Weekday,NO,24,30,1,1,0,1,1,1,0,0,1,0,0,0
Noon,Resting,65,154,Clear,Weekday,NO,18,36,0,1,0,0,0,1,0,1,0,0,0,1
Morning,Walking,32,86,Rainy,Holiday,NO,87,67,1,0,0,0,1,0,1,0,1,1,0,0
Noon,Running,34,59,Rainy,Weekday,NO,6,86,1,0,1,0,1,1,1,0,1,1,0,1
Noon,Running,30,175,Rainy,Holiday,YES,29,86,1,0,1,0,1,1,1,0,1,1,1,0
Noon,Swimming,70,143,Clear,Holiday,NO,25,49,1,1,0,1,1,1,0,0,0,0,0,0
Noon,Walking,72,146,Clear,Weekday,YES,55,76,1,0,0,0,1,1,1,0,0,0,1,0
Noon,Driving,61,196,Rainy,Holiday,NO,81,55,1,1,0,0,0,1,0,0,1,1,0,0
Noon,Running,97,89,Clear,Weekday,YES,46,85,1,0,1,0,1,0,1,0,0,0,1,0
Noon,Swimming,34,127,Clear,Weekday,YES,24,56,1,1,0,1,1,1,0,0,0,0,1,0
Morning,Driving,64,200,Rainy,Holiday,YES,75,68,1,0,0,0,0,1,0,0,1,1,1,0
Night,Walking,55,155,Clear,Weekday,YES,26,95,1,0,0,0,1,1,1,0,0,0,1,0
Noon,Running,41,180,Cold,Weekday,YES,98,44,1,1,1,0,1,1,1,0,1,0,1,0
Noon,Driving,64,123,Cold,Holiday,NO,28,31,1,1,0,0,0,1,0,0,1,0,0,0
Noon,Driving,14,163,Cold,Holiday,NO,3,58,1,1,0,0,0,1,0,0,1,0,0,1
Noon,Driving,45,151,Cold,Weekday,NO,75,87,1,0,0,0,0,1,0,0,1,0,0,0
Noon,Running,58,137,Rainy,Weekday,YES,38,53,1,1,1,0,1,1,1,0,1,1,1,0
Noon,Running,67,33,Rainy,Holiday,NO,61,84,1,0,1,0,1,1,1,0,1,1,0,0
Night,Resting,48,122,Rainy,Weekday,YES,78,79,0,0,0,0,0,1,0,1,1,1,1,0
Night,Walking,89,180,Cold,Weekday,YES,51,23,1,1,0,0,1,1,1,0,1,0,1,0
Noon,Swimming,94,35,Cold,Weekday,NO,90,28,1,1,0,1,1,1,0,0,1,0,0,0
Night,Driving,70,61,Clear,Weekday,NO,48,16,1,1,0,0,0,0,0,0,0,0,0,0
Morning,Resting,18,135,Clear,Weekday,YES,21,37,0,1,0,0,0,1,0,0,0,0,1,0
Noon,Swimming,15,175,Cold,Weekday,YES,54,21,1,1,0,1,1,1,0,0,1,0,1,0
Morning,Resting,44,44,Cold,Weekday,NO,56,79,0,0,0,0,0,1,0,0,1,0,0,0
Morning,Running,48,197,Cold,Holiday,NO,94,17,1,1,1,0,1,1,1,0,1,0,0,0
Noon,Driving,31,151,Cold,Holiday,NO,59,37,1,1,0,0,0,1,0,0,1,0,0,0
Night,Swimming,50,125,Clear,Holiday,NO,72,77,1,0,0,1,1,1,0,0,0,0,0,0
Morning,Swimming,14,35,Cold,Holiday,YES,51,19,1,1,0,1,1,1,0,0,1,0,1,0
Noon,Swimming,51,141,Clear,Holiday,NO,20,30,1,1,0,1,1,1,0,0,0,0,0,0
Morning,Swimming,96,149,Cold,Weekday,NO,96,45,1,1,0,1,1,1,0,0,1,0,0,0
Morning,Swimming,90,152,Cold,Weekday,NO,86,18,1,1,0,1,1,1,0,0,1,0,0,0
Morning,Resting,85,96,Cold,Weekday,YES,59,78,0,0,0,0,0,0,0,0,1,0,1,0
Morning,Driving,96,135,Clear,Weekday,YES,71,62,1,0,0,0,0,1,0,0,0,0,1,0
Night,Running,89,168,Clear,Holiday,YES,9,36,1,1,1,0,1,1,1,0,0,0,1,1
Morning,Running,76,72,Rainy,Weekday,YES,1,100,1,0,1,0,1,0,1,0,1,1,1,1
Morning,Running,39,174,Cold,Weekday,NO,29,84,1,0,1,0,1,1,1,0,1,0,0,0
Morning,Running,66,125,Rainy,Holiday,YES,63,52,1,1,1,0,1,1,1,0,1,1,1,0
Night,Resting,95,161,Rainy,Weekday,NO,72,19,0,1,0,0,0,1,0,1,1,1,0,0
Morning,Walking,82,110,Clear,Weekday,NO,56,44,1,1,0,0,1,1,1,0,0,0,0,0
Morning,Driving,38,70,Clear,Holiday,NO,68,7,1,1,0,0,0,0,0,0,0,0,0,0
Night,Swimming,46,162,Rainy,Weekday,NO,35,44,1,1,0,1,1,1,0,0,1,1,0,0
Night,Walking,96,189,Cold,Weekday,YES,3,68,1,0,0,0,1,1,1,0,1,0,1,1
Night,Running,22,64,Clear,Weekday,YES,7,34,1,1,1,0,1,0,1,0,0,0,1,1
Morning,Walking,41,51,Cold,Weekday,YES,27,66,1,0,0,0,1,1,1,0,1,0,1,0
Night,Driving,55,179,Cold,Weekday,NO,1,69,1,0,0,0,0,1,0,0,1,0,0,1
Night,Swimming,32,141,Rainy,Holiday,NO,91,55,1,1,0,1,1,1,0,0,1,1,0,0
Morning,Swimming,54,40,Rainy,Holiday,NO,80,10,1,1,0,1,1,1,0,0,1,1,0,0
Night,Driving,26,32,Rainy,Holiday,NO,71,96,1,0,0,0,0,1,0,0,1,1,0,0
Morning,Driving,94,166,Rainy,Holiday,NO,44,42,1,1,0,0,0,1,0,0,1,1,0,0
Noon,Running,75,89,Clear,Holiday,YES,87,41,1,1,1,0,1,0,1,0,0,0,1,0
Night,Swimming,15,105,Clear,Holiday,NO,41,77,1,0,0,1,1,1,0,0,0,0,0,0
Noon,Walking,27,116,Rainy,Weekday,YES,75,69,1,0,0,0,1,1,1,0,1,1,1,0
Morning,Resting,31,43,Clear,Holiday,NO,42,10,0,1,0,0,0,1,0,0,0,0,0,0
Night,Resting,42,47,Rainy,Holiday,NO,33,10,0,1,0,0,0,1,0,1,1,1,0,0
Morning,Driving,39,142,Cold,Weekday,YES,50,91,1,0,0,0,0,1,0,0,1,0,1,0
Noon,Running,90,102,Cold,Weekday,YES,63,60,1,0,1,0,1,1,1,0,1,0,1,0
Morning,Resting,41,52,Cold,Holiday,NO,100,51,0,1,0,0,0,1,0,0,1,0,0,0
Night,Swimming,51,112,Rainy,Weekday,NO,37,21,1,1,0,1,1,1,0,0,1,1,0,0
Night,Driving,87,154,Cold,Holiday,NO,59,8,1,1,0,0,0,1,0,0,1,0,0,0
Noon,Walking,19,98,Clear,Weekday,NO,81,65,1,0,0,0,1,0,1,0,0,0,0,0
Morning,Driving,45,76,Cold,Holiday,YES,99,92,1,0,0,0,0,0,0,0,1,0,1,0
Night,Walking,43,145,Cold,Weekday,NO,48,78,1,0,0,0,1,1,1,0,1,0,0,0
Noon,Driving,82,59,Cold,Weekday,YES,5,85,1,0,0,0,0,1,0,0,1,0,1,1
Night,Driving,37,54,Clear,Holiday,NO,48,30,1,1,0,0,0,1,0,0,0,0,0,0
Night,Driving,20,185,Rainy,Holiday,YES,96,85,1,0,0,0,0,1,0,0,1,1,1,0
Morning,Walking,87,141,Clear,Holiday,YES,3,49,1,1,0,0,1,1,1,0,0,0,1,1
Night,Walking,48,54,Rainy,Holiday,NO,47,9,1,1,0,0,1,1,1,0,1,1,0,0
Morning,Driving,56,103,Rainy,Holiday,YES,62,17,1,1,0,0,0,1,0,0,1,1,1,0
Night,Resting,28,87,Cold,Weekday,NO,99,69,0,0,0,0,0,0,0,1,1,0,0,0
Noon,Running,24,123,Rainy,Holiday,YES,14,58,1,1,1,0,1,1,1,0,1,1,1,1
Night,Running,37,148,Clear,Holiday,NO,63,57,1,1,1,0,1,1,1,0,0,0,0,0
Morning,Running,33,156,Clear,Weekday,YES,61,62,1,0,1,0,1,1,1,0,0,0,1,0
Morning,Walking,81,198,Rainy,Weekday,NO,31,95,1,0,0,0,1,1,1,0,1,1,0,0
Noon,Walking,18,54,Cold,Holiday,NO,95,52,1,1,0,0,1,1,1,0,1,0,0,0
Night,Resting,56,107,Cold,Weekday,YES,17,61,0,0,0,0,0,1,0,1,1,0,1,1
Night,Running,42,128,Clear,Weekday,YES,24,40,1,1,1,0,1,1,1,0,0,0,1,0
Noon,Running,71,145,Cold,Holiday,YES,23,38,1,1,1,0,1,1,1,0,1,0,1,0
Night,Driving,28,77,Rainy,Weekday,YES,82,43,1,1,0,0,0,0,0,0,1,1,1,0
Night,Walking,76,39,Rainy,Weekday,NO,50,63,1,0,0,0,1,1,1,0,1,1,0,0
Morning,Running,83,128,Clear,Holiday,YES,78,19,1,1,1,0,1,1,1,0,0,0,1,0
Night,Resting,49,40,Rainy,Holiday,NO,79,100,0,0,0,0,0,1,0,1,1,1,0,0
Night,Resting,56,114,Clear,Weekday,YES,79,50,0,1,0,0,0,1,0,1,0,0,1,0
Noon,Running,74,178,Rainy,Weekday,NO,70,33,1,1,1,0,1,1,1,0,1,1,0,0
Noon,Walking,38,164,Clear,Holiday,NO,27,13,1,1,0,0,1,1,1,0,0,0,0,0
Morning,Resting,59,155,Cold,Weekday,NO,15,78,0,0,0,0,0,1,0,0,1,0,0,1
Night,Driving,22,93,Rainy,Weekday,NO,50,97,1,0,0,0,0,0,0,0,1,1,0,0
Night,Resting,10,31,Rainy,Weekday,YES,36,62,0,0,0,0,0,1,0,1,1,1,1,0
Night,Swimming,43,105,Clear,Holiday,YES,8,93,1,0,0,1,1,1,0,0,0,0,1,1
Morning,Swimming,57,150,Clear,Weekday,NO,79,43,1,1,0,1,1,1,0,0,0,0,0,0
Morning,Walking,86,71,Rainy,Weekday,YES,3,49,1,1,0,0,1,0,1,0,1,1,1,1
Noon,Running,57,83,Clear,Holiday,YES,62,36,1,1,1,0,1,0,1,0,0,0,1,0
Morning,Walking,58,104,Rainy,Weekday,NO,47,10,1,1,0,0,1,1,1,0,1,1,0,0
Night,Walking,73,45,Cold,Weekday,YES,77,95,1,0,0,0,1,1,1,0,1,0,1,0
Night,Walking,70,47,Clear,Holiday,YES,98,6,1,1,0,0,1,1,1,0,0,0,1,0
Morning,Walking,38,119,Rainy,Holiday,YES,88,57,1,1,0,0,1,1,1,0,1,1,1,0
Night,Driving,48,173,Cold,Holiday,NO,96,1,1,1,0,0,0,1,0,0,1,0,0,0
Night,Driving,97,35,Cold,Holiday,YES,61,71,1,0,0,0,0,1,0,0,1,0,1,0
Morning,Resting,35,137,Rainy,Weekday,NO,32,58,0,1,0,0,0,1,0,0,1,1,0,0
Morning,Swimming,26,77,Clear,Weekday,YES,94,91,1,0,0,1,1,0,0,0,0,0,1,0
Night,Walking,80,71,Rainy,Holiday,YES,13,21,1,1,0,0,1,0,1,0,1,1,1,1
Night,Resting,22,105,Cold,Holiday,YES,1,92,0,0,0,0,0,1,0,1,1,0,1,1
Night,Swimming,78,106,Rainy,Weekday,NO,34,80,1,0,0,1,1,1,0,0,1,1,0,0
Noon,Running,35,161,Clear,Holiday,NO,62,56,1,1,1,0,1,1,1,0,0,0,0,0
Noon,Driving,58,159,Cold,Weekday,YES,79,87,1,0,0,0,0,1,0,0,1,0,1,0
Noon,Swimming,76,88,Rainy,Holiday,NO,78,20,1,1,0,1,1,0,0,0,1,1,0,0
Morning,Running,16,184,Clear,Weekday,YES,93,54,1,1,1,0,1,1,1,0,0,0,1,0
Noon,Swimming,67,56,Cold,Holiday,NO,98,25,1,1,0,1,1,1,0,0,1,0,0,0
Morning,Driving,58,108,Clear,Holiday,NO,82,28,1,1,0,0,0,1,0,0,0,0,0,0
Morning,Driving,62,101,Cold,Weekday,YES,71,5,1,1,0,0,0,1,0,0,1,0,1,0
Noon,Resting,74,36,Rainy,Holiday,YES,93,21,0,1,0,0,0,1,0,1,1,1,1,0
Noon,Walking,71,140,Clear,Weekday,YES,31,18,1,1,0,0,1,1,1,0,0,0,1,0
Noon,Swimming,26,148,Cold,Weekday,YES,64,47,1,1,0,1,1,1,0,0,1,0,1,0
Night,Swimming,52,92,Clear,Weekday,NO,25,70,1,0,0,1,1,0,0,0,0,0,0,0
Noon,Running,34,153,Clear,Weekday,NO,38,57,1,1,1,0,1,1,1,0,0,0,0,0
Night,Driving,12,41,Rainy,Weekday,NO,14,93,1,0,0,0,0,1,0,0,1,1,0,1
Morning,Swimming,88,170,Clear,Holiday,YES,8,19,1,1,0,1,1,1,0,0,0,0,1,1
Night,Driving,38,72,Cold,Holiday,YES,91,97,1,0,0,0,0,0,0,0,1,0,1,0
Noon,Swimming,41,46,Cold,Weekday,NO,54,65,1,0,0,1,1,1,0,0,1,0,0,0
Morning,Resting,35,92,Cold,Holiday,YES,2,3,0,1,0,0,0,0,0,0,1,0,1,1
Morning,Walking,25,149,Cold,Weekday,NO,81,42,1,1,0,0,1,1,1,0,1,0,0,0
Morning,Swimming,34,65,Rainy,Holiday,NO,78,21,1,1,0,1,1,0,0,0,1,1,0,0
Night,Driving,63,37,Clear,Holiday,NO,89,99,1,0,0,0,0,1,0,0,0,0,0,0
Noon,Resting,37,98,Rainy,Holiday,NO,56,40,0,1,0,0,0,0,0,1,1,1,0,0
Morning,Swimming,82,119,Clear,Holiday,NO,94,67,1,0,0,1,1,1,0,0,0,0,0,0
Morning,Running,65,65,Clear,Weekday,YES,93,25,1,1,1,0,1,0,1,0,0,0,1,0
Morning,Walking,74,57,Clear,Weekday,YES,84,55,1,1,0,0,1,1,1,0,0,0,1,0
Night,Swimming,95,147,Rainy,Holiday,YES,85,84,1,0,0,1,1,1,0,0,1,1,1,0
Night,Resting,89,122,Clear,Holiday,NO,61,52,0,1,0,0,0,1,0,1,0,0,0,0
Noon,Running,50,105,Rainy,Weekday,NO,22,44,1,1,1,0,1,1,1,0,1,1,0,0
Night,Resting,60,130,Cold,Holiday,NO,35,98,0,0,0,0,0,1,0,1,1,0,0,0
Morning,Resting,80,187,Cold,Weekday,NO,16,85,0,0,0,0,0,1,0,0,1,0,0,1
Noon,Running,87,180,Clear,Weekday,YES,50,56,1,1,1,0,1,1,1,0,0,0,1,0
Morning,Resting,38,173,Rainy,Weekday,YES,43,55,0,1,0,0,0,1,0,0,1,1,1,0
Morning,Running,92,43,Cold,Holiday,NO,17,87,1,0,1,0,1,1,1,0,1,0,0,1
Night,Swimming,28,100,Rainy,Weekday,NO,80,70,1,0,0,1,1,0,0,0,1,1,0,0
Noon,Running,75,153,Rainy,Holiday,NO,58,77,1,0,1,0,1,1,1,0,1,1,0,0
Night,Running,50,154,Clear,Weekday,YES,2,87,1,0,1,0,1,1,1,0,0,0,1,1
Night,Walking,54,66,Cold,Holiday,YES,4,73,1,0,0,0,1,0,1,0,1,0,1,1
Noon,Running,24,58,Clear,Holiday,YES,85,81,1,0,1,0,1,1,1,0,0,0,1,0
Morning,Running,12,172,Clear,Holiday,NO,39,66,1,0,1,0,1,1,1,0,0,0,0,0
Morning,Swimming,20,48,Cold,Weekday,NO,98,19,1,1,0,1,1,1,0,0,1,0,0,0
Noon,Walking,62,135,Cold,Weekday,YES,94,83,1,0,0,0,1,1,1,0,1,0,1,0
Morning,Driving,55,50,Rainy,Holiday,NO,6,7,1,1,0,0,0,1,0,0,1,1,0,1
Noon,Swimming,39,93,Cold,Holiday,YES,81,63,1,0,0,1,1,0,0,0,1,0,1,0
Noon,Swimming,66,194,Rainy,Holiday,NO,89,42,1,1,0,1,1,1,0,0,1,1,0,0
Night,Driving,27,56,Rainy,Weekday,YES,69,42,1,1,0,0,0,1,0,0,1,1,1,0
Noon,Running,60,84,Rainy,Weekday,NO,69,59,1,1,1,0,1,0,1,0,1,1,0,0
Night,Resting,57,58,Cold,Weekday,YES,20,20,0,1,0,0,0,1,0,1,1,0,1,0
Morning,Walking,75,177,Clear,Weekday,YES,64,73,1,0,0,0,1,1,1,0,0,0,1,0
Morning,Resting,17,54,Rainy,Holiday,YES,16,17,0,1,0,0,0,1,0,0,1,1,1,1
Morning,Driving,31,99,Clear,Holiday,YES,51,27,1,1,0,0,0,0,0,0,0,0,1,0
Morning,Swimming,15,92,Clear,Weekday,YES,37,47,1,1,0,1,1,0,0,0,0,0,1,0
Night,Swimming,85,193,Cold,Weekday,YES,73,2,1,1,0,1,1,1,0,0,1,0,1,0
Morning,Walking,66,159,Clear,Holiday,NO,69,63,1,0,0,0,1,1,1,0,0,0,0,0
Noon,Swimming,45,179,Clear,Weekday,NO,42,62,1,0,0,1,1,1,0,0,0,0,0,0
Noon,Swimming,88,45,Cold,Weekday,NO,57,100,1,0,0,1,1,1,0,0,1,0,0,0
Noon,Walking,66,175,Rainy,Weekday,YES,66,19,1,1,0,0,1,1,1,0,1,1,1,0
Night,Walking,58,129,Clear,Weekday,YES,9,17,1,1,0,0,1,1,1,0,0,0,1,1
Morning,Driving,54,59,Cold,Weekday,NO,100,69,1,0,0,0,0,1,0,0,1,0,0,0
Morning,Swimming,91,74,Clear,Weekday,YES,86,39,1,1,0,1,1,0,0,0,0,0,1,0
Morning,Swimming,75,48,Clear,Holiday,YES,64,82,1,0,0,1,1,1,0,0,0,0,1,0
Night,Driving,86,63,Rainy,Weekday,YES,86,71,1,0,0,0,0,0,0,0,1,1,1,0
Noon,Running,54,170,Clear,Weekday,YES,22,81,1,0,1,0,1,1,1,0,0,0,1,0
Noon,Running,88,200,Cold,Holiday,YES,34,39,1,1,1,0,1,1,1,0,1,0,1,0
Morning,Running,29,91,Clear,Holiday,NO,55,36,1,1,1,0,1,0,1,0,0,0,0,0
Noon,Driving,73,147,Rainy,Holiday,NO,29,40,1,1,0,0,0,1,0,0,1,1,0,0
Noon,Swimming,76,129,Rainy,Weekday,NO,38,45,1,1,0,1,1,1,0,0,1,1,0,0
Night,Driving,92,51,Cold,Holiday,NO,97,4,1,1,0,0,0,1,0,0,1,0,0,0
Night,Driving,12,140,Rainy,Weekday,NO,18,25,1,1,0,0,0,1,0,0,1,1,0,1
Night,Running,63,193,Clear,Weekday,YES,71,69,1,0,1,0,1,1,1,0,0,0,1,0
Night,Resting,87,102,Rainy,Weekday,YES,65,30,0,1,0,0,0,1,0,1,1,1,1,0
Morning,Swimming,73,176,Cold,Holiday,YES,97,76,1,0,0,1,1,1,0,0,1,0,1,0
Night,Running,49,67,Rainy,Holiday,YES,1,68,1,0,1,0,1,0,1,0,1,1,1,1
Noon,Resting,68,99,Rainy,Holiday,NO,88,88,0,0,0,0,0,0,0,1,1,1,0,0
Morning,Resting,64,145,Rainy,Holiday,NO,4,29,0,1,0,0,0,1,0,0,1,1,0,1
Noon,Walking,71,108,Cold,Holiday,NO,4,73,1,0,0,0,1,1,1,0,1,0,0,1
Noon,Swimming,13,177,Rainy,Weekday,YES,82,68,1,0,0,1,1,1,0,0,1,1,1,0
Noon,Resting,69,38,Rainy,Weekday,NO,27,51,0,1,0,0,0,1,0,1,1,1,0,0
Night,Running,84,61,Clear,Weekday,YES,43,24,1,1,1,0,1,0,1,0,0,0,1,0
Night,Walking,100,161,Cold,Weekday,NO,59,14,1,1,0,0,1,1,1,0,1,0,0,0
Morning,Swimming,39,79,Rainy,Holiday,NO,32,69,1,0,0,1,1,0,0,0,1,1,0,0
Morning,Driving,11,111,Cold,Holiday,YES,33,18,1,1,0,0,0,1,0,0,1,0,1,0
Night,Running,71,34,Rainy,Weekday,YES,28,42,1,1,1,0,1,1,1,0,1,1,1,0
Noon,Resting,58,177,Rainy,Holiday,NO,55,57,0,1,0,0,0,1,0,1,1,1,0,0
Morning,Resting,18,116,Rainy,Holiday,NO,100,83,0,0,0,0,0,1,0,0,1,1,0,0
Night,Running,40,155,Clear,Weekday,YES,60,12,1,1,1,0,1,1,1,0,0,0,1,0
Night,Resting,70,104,Clear,Weekday,NO,70,82,0,0,0,0,0,1,0,1,0,0,0,0
Night,Walking,88,194,Clear,Holiday,NO,62,17,1,1,0,0,1,1,1,0,0,0,0,0
Noon,Swimming,57,51,Cold,Holiday,YES,80,30,1,1,0,1,1,1,0,0,1,0,1,0
Night,Walking,34,97,Cold,Weekday,NO,34,88,1,0,0,0,1,0,1,0,1,0,0,0
Night,Resting,45,73,Clear,Weekday,YES,87,75,0,0,0,0,0,0,0,1,0,0,1,0
Night,Driving,17,63,Cold,Weekday,NO,88,99,1,0,0,0,0,0,0,0,1,0,0,0
Night,Swimming,82,106,Rainy,Holiday,YES,56,23,1,1,0,1,1,1,0,0,1,1,1,0
Morning,Swimming,67,71,Rainy,Weekday,NO,13,81,1,0,0,1,1,0,0,0,1,1,0,1
Morning,Running,54,166,Rainy,Weekday,YES,56,1,1,1,1,0,1,1,1,0,1,1,1,0
Night,Running,71,135,Clear,Holiday,NO,18,79,1,0,1,0,1,1,1,0,0,0,0,1
Noon,Driving,48,124,Cold,Holiday,YES,54,32,1,1,0,0,0,1,0,0,1,0,1,0
Morning,Swimming,67,164,Clear,Holiday,NO,77,9,1,1,0,1,1,1,0,0,0,0,0,0
Night,Driving,90,97,Cold,Holiday,NO,43,15,1,1,0,0,0,0,0,0,1,0,0,0
Morning,Running,92,176,Rainy,Holiday,NO,39,28,1,1,1,0,1,1,1,0,1,1,0,0
Morning,Running,73,188,Clear,Weekday,NO,61,24,1,1,1,0,1,1,1,0,0,0,0,0
Noon,Swimming,53,157,Cold,Weekday,NO,42,60,1,0,0,1,1,1,0,0,1,0,0,0
Night,Walking,38,192,Cold,Holiday,NO,81,35,1,1,0,0,1,1,1,0,1,0,0,0
Night,Resting,68,114,Rainy,Holiday,NO,79,86,0,0,0,0,0,1,0,1,1,1,0,0
Noon,Running,80,188,Clear,Holiday,NO,18,27,1,1,1,0,1,1,1,0,0,0,0,1
Noon,Running,18,112,Clear,Holiday,NO,23,83,1,0,1,0,1,1,1,0,0,0,0,0
Night,Walking,15,124,Clear,Holiday,YES,54,76,1,0,0,0,1,1,1,0,0,0,1,0
Night,Walking,38,61,Rainy,Weekday,YES,30,20,1,1,0,0,1,0,1,0,1,1,1,0
Noon,Driving,67,95,Clear,Weekday,NO,98,65,1,0,0,0,0,0,0,0,0,0,0,0
Morning,Driving,26,145,Rainy,Weekday,YES,58,85,1,0,0,0,0,1,0,0,1,1,1,0
Morning,Resting,25,167,Rainy,Weekday,NO,68,49,0,1,0,0,0,1,0,0,1,1,0,0
Noon,Resting,96,159,Rainy,Holiday,NO,67,1,0,1,0,0,0,1,0,1,1,1,0,0
Morning,Swimming,12,89,Cold,Weekday,YES,71,10,1,1,0,1,1,0,0,0,1,0,1,0
Noon,Driving,30,46,Clear,Holiday,NO,18,47,1,1,0,0,0,1,0,0,0,0,0,1
Morning,Running,73,125,Clear,Holiday,NO,7,59,1,1,1,0,1,1,1,0,0,0,0,1
Morning,Driving,99,173,Rainy,Holiday,YES,40,96,1,0,0,0,0,1,0,0,1,1,1,0
Night,Running,45,45,Rainy,Weekday,YES,70,62,1,0,1,0,1,1,1,0,1,1,1,0
Night,Walking,95,75,Clear,Holiday,NO,86,86,1,0,0,0,1,0,1,0,0,0,0,0
Morning,Driving,71,196,Rainy,Weekday,YES,65,18,1,1,0,0,0,1,0,0,1,1,1,0
Morning,Walking,51,188,Clear,Weekday,YES,68,46,1,1,0,0,1,1,1,0,0,0,1,0
Night,Resting,85,136,Cold,Holiday,NO,49,32,0,1,0,0,0,1,0,1,1,0,0,0
Night,Resting,51,117,Rainy,Holiday,YES,52,27,0,1,0,0,0,1,0,1,1,1,1,0
Night,Swimming,70,158,Clear,Holiday,YES,29,92,1,0,0,1,1,1,0,0,0,0,1,0
Noon,Driving,22,168,Rainy,Weekday,NO,21,18,1,1,0,0,0,1,0,0,1,1,0,0
Morning,Walking,20,148,Clear,Holiday,YES,90,39,1,1,0,0,1,1,1,0,0,0,1,0
Night,Running,63,114,Clear,Weekday,YES,78,49,1,1,1,0,1,1,1,0,0,0,1,0
Morning,Resting,25,33,Rainy,Holiday,NO,9,93,0,0,0,0,0,1,0,0,1,1,0,1
Noon,Resting,17,100,Cold,Holiday,NO,47,82,0,0,0,0,0,0,0,1,1,0,0,0
Noon,Running,68,183,Clear,Weekday,NO,76,44,1,1,1,0,1,1,1,0,0,0,0,0
Night,Walking,66,140,Clear,Weekday,YES,42,72,1,0,0,0,1,1,1,0,0,0,1,0
Noon,Walking,49,79,Clear,Weekday,NO,51,54,1,1,0,0,1,0,1,0,0,0,0,0
Morning,Driving,68,169,Cold,Weekday,NO,56,95,1,0,0,0,0,1,0,0,1,0,0,0
Night,Driving,11,124,Cold,Weekday,YES,51,34,1,1,0,0,0,1,0,0,1,0,1,0
Morning,Swimming,85,121,Rainy,Weekday,NO,70,71,1,0,0,1,1,1,0,0,1,1,0,0
Morning,Resting,19,94,Cold,Holiday,NO,20,36,0,1,0,0,0,0,0,0,1,0,0,0
Noon,Driving,53,76,Rainy,Holiday,NO,88,18,1,1,0,0,0,0,0,0,1,1,0,0
Noon,Walking,20,135,Rainy,Weekday,NO,27,38,1,1,0,0,1,1,1,0,1,1,0,0
Noon,Running,88,159,Cold,Holiday,YES,38,59,1,1,1,0,1,1,1,0,1,0,1,0
Noon,Walking,89,135,Rainy,Weekday,NO,72,9,1,1,0,0,1,1,1,0,1,1,0,0
Noon,Resting,90,53,Cold,Holiday,NO,65,73,0,0,0,0,0,1,0,1,1,0,0,0
Night,Walking,99,33,Rainy,Holiday,YES,54,72,1,0,0,0,1,1,1,0,1,1,1,0
Morning,Swimming,11,137,Cold,Weekday,NO,24,51,1,1,0,1,1,1,0,0,1,0,0,0
Morning,Resting,59,48,Cold,Weekday,YES,47,35,0,1,0,0,0,1,0,0,1,0,1,0
Morning,Running,21,183,Rainy,Weekday,YES,71,82,1,0,1,0,1,1,1,0,1,1,1,0
Morning,Swimming,99,69,Clear,Holiday,YES,83,5,1,1,0,1,1,0,0,0,0,0,1,0
Noon,Resting,32,79,Rainy,Weekday,NO,86,14,0,1,0,0,0,0,0,1,1,1,0,0
Morning,Running,27,200,Cold,Holiday,YES,63,92,1,0,1,0,1,1,1,0,1,0,1,0
Night,Swimming,71,104,Clear,Weekday,YES,57,30,1,1,0,1,1,1,0,0,0,0,1,0
Night,Swimming,71,41,Rainy,Holiday,YES,55,4,1,1,0,1,1,1,0,0,1,1,1,0
Morning,Resting,47,56,Rainy,Holiday,NO,60,39,0,1,0,0,0,1,0,0,1,1,0,0
Morning,Driving,76,142,Rainy,Weekday,NO,99,84,1,0,0,0,0,1,0,0,1,1,0,0
Night,Swimming,47,78,Clear,Holiday,NO,62,64,1,0,0,1,1,0,0,0,0,0,0,0
Night,Swimming,76,173,Cold,Holiday,NO,30,25,1,1,0,1,1,1,0,0,1,0,0,0
Noon,Running,70,159,Rainy,Weekday,NO,93,28,1,1,1,0,1,1,1,0,1,1,0,0
Night,Walking,10,89,Rainy,Holiday,NO,22,76,1,0,0,0,1,0,1,0,1,1,0,0
Noon,Resting,54,59,Rainy,Weekday,NO,75,66,0,0,0,0,0,1,0,1,1,1,0,0
Noon,Resting,37,113,Rainy,Weekday,YES,84,78,0,0,0,0,0,1,0,1,1,1,1,0
Noon,Driving,30,195,Rainy,Weekday,YES,29,22,1,1,0,0,0,1,0,0,1,1,1,0
Noon,Driving,22,57,Cold,Weekday,YES,41,31,1,1,0,0,0,1,0,0,1,0,1,0
Noon,Resting,36,54,Cold,Holiday,YES,42,23,0,1,0,0,0,1,0,1,1,0,1,0
Morning,Driving,16,125,Rainy,Holiday,NO,98,48,1,1,0,0,0,1,0,0,1,1,0,0
Night,Running,31,154,Clear,Holiday,YES,65,20,1,1,1,0,1,1,1,0,0,0,1,0
Noon,Resting,83,39,Cold,Weekday,YES,31,38,0,1,0,0,0,1,0,1,1,0,1,0
Night,Driving,62,71,Clear,Holiday,YES,30,55,1,1,0,0,0,0,0,0,0,0,1,0
Night,Resting,88,69,Cold,Holiday,YES,18,68,0,0,0,0,0,0,0,1,1,0,1,1
Noon,Walking,88,106,Rainy,Weekday,NO,17,79,1,0,0,0,1,1,1,0,1,1,0,1
Morning,Swimming,13,134,Cold,Weekday,NO,38,88,1,0,0,1,1,1,0,0,1,0,0,0
Noon,Resting,32,147,Rainy,Holiday,NO,14,89,0,0,0,0,0,1,0,1,1,1,0,1
Morning,Swimming,79,71,Cold,Weekday,YES,87,1,1,1,0,1,1,0,0,0,1,0,1,0
Night,Driving,97,76,Rainy,Weekday,NO,89,7,1,1,0,0,0,0,0,0,1,1,0,0
Morning,Swimming,93,194,Rainy,Weekday,YES,79,57,1,1,0,1,1,1,0,0,1,1,1,0
Morning,Resting,93,51,Rainy,Weekday,NO,56,95,0,0,0,0,0,1,0,0,1,1,0,0
Morning,Walking,85,136,Rainy,Holiday,NO,22,12,1,1,0,0,1,1,1,0,1,1,0,0
Night,Driving,42,56,Clear,Weekday,NO,67,5,1,1,0,0,0,1,0,0,0,0,0,0
Night,Resting,37,70,Rainy,Weekday,NO,56,50,0,1,0,0,0,0,0,1,1,1,0,0
Morning,Driving,17,109,Clear,Weekday,NO,19,42,1,1,0,0,0,1,0,0,0,0,0,1
Morning,Running,10,191,Clear,Weekday,YES,57,12,1,1,1,0,1,1,1,0,0,0,1,0
Noon,Swimming,46,189,Rainy,Weekday,NO,44,18,1,1,0,1,1,1,0,0,1,1,0,0
Morning,Running,72,118,Clear,Weekday,YES,98,66,1,0,1,0,1,1,1,0,0,0,1,0
Noon,Resting,31,95,Cold,Weekday,YES,35,74,0,0,0,0,0,0,0,1,1,0,1,0
Morning,Walking,79,41,Rainy,Weekday,YES,1,79,1,0,0,0,1,1,1,0,1,1,1,1
Noon,Driving,30,197,Clear,Holiday,YES,52,94,1,0,0,0,0,1,0,0,0,0,1,0
Night,Swimming,44,102,Rainy,Weekday,YES,85,17,1,1,0,1,1,1,0,0,1,1,1,0
Morning,Driving,88,105,Rainy,Holiday,NO,93,68,1,0,0,0,0,1,0,0,1,1,0,0
Morning,Resting,14,119,Rainy,Weekday,NO,70,71,0,0,0,0,0,1,0,0,1,1,0,0
Morning,Driving,69,39,Clear,Weekday,NO,37,62,1,0,0,0,0,1,0,0,0,0,0,0
Morning,Swimming,55,125,Cold,Weekday,NO,65,41,1,1,0,1,1,1,0,0,1,0,0,0
Noon,Resting,59,49,Cold,Weekday,YES,51,95,0,0,0,0,0,1,0,1,1,0,1,0
Morning,Driving,57,68,Clear,Holiday,NO,1,34,1,1,0,0,0,0,0,0,0,0,0,1
Night,Walking,15,89,Rainy,Weekday,NO,91,70,1,0,0,0,1,0,1,0,1,1,0,0
Night,Resting,98,95,Clear,Weekday,YES,21,45,0,1,0,0,0,0,0,1,0,0,1,0
Morning,Resting,65,94,Clear,Holiday,YES,53,58,0,1,0,0,0,0,0,0,0,0,1,0
Night,Walking,68,153,Clear,Holiday,NO,16,51,1,1,0,0,1,1,1,0,0,0,0,1
Morning,Running,38,193,Rainy,Weekday,NO,61,34,1,1,1,0,1,1,1,0,1,1,0,0
Morning,Swimming,80,181,Clear,Holiday,YES,54,44,1,1,0,1,1,1,0,0,0,0,1,0
Night,Running,86,184,Rainy,Holiday,NO,40,15,1,1,1,0,1,1,1,0,1,1,0,0
Morning,Driving,27,159,Clear,Holiday,NO,26,78,1,0,0,0,0,1,0,0,0,0,0,0
Night,Walking,11,188,Cold,Weekday,NO,80,70,1,0,0,0,1,1,1,0,1,0,0,0
Noon,Running,17,86,Clear,Weekday,NO,92,50,1,1,1,0,1,0,1,0,0,0,0,0
Morning,Resting,84,107,Clear,Weekday,YES,65,32,0,1,0,0,0,1,0,0,0,0,1,0
Noon,Driving,63,58,Cold,Holiday,YES,100,67,1,0,0,0,0,1,0,0,1,0,1,0
Night,Driving,47,44,Rainy,Weekday,YES,74,3,1,1,0,0,0,1,0,0,1,1,1,0
Noon,Running,57,41,Rainy,Holiday,NO,64,86,1,0,1,0,1,1,1,0,1,1,0,0
Noon,Running,36,130,Clear,Weekday,NO,43,86,1,0,1,0,1,1,1,0,0,0,0,0
Night,Walking,29,185,Cold,Weekday,NO,17,74,1,0,0,0,1,1,1,0,1,0,0,1
Noon,Swimming,21,113,Rainy,Holiday,NO,59,51,1,1,0,1,1,1,0,0,1,1,0,0
Noon,Running,52,154,Clear,Weekday,NO,23,67,1,0,1,0,1,1,1,0,0,0,0,0
Night,Running,70,132,Cold,Holiday,YES,7,76,1,0,1,0,1,1,1,0,1,0,1,1
Noon,Resting,40,53,Rainy,Holiday,NO,44,93,0,0,0,0,0,1,0,1,1,1,0,0
Night,Driving,100,178,Rainy,Weekday,NO,53,48,1,1,0,0,0,1,0,0,1,1,0,0
Noon,Swimming,70,167,Cold,Holiday,YES,71,17,1,1,0,1,1,1,0,0,1,0,1,0
Night,Resting,83,139,Cold,Weekday,NO,79,7,0,1,0,0,0,1,0,1,1,0,0,0
Night,Walking,76,107,Cold,Weekday,YES,34,13,1,1,0,0,1,1,1,0,1,0,1,0
Noon,Walking,100,130,Cold,Holiday,YES,46,66,1,0,0,0,1,1,1,0,1,0,1,0
Noon,Running,44,175,Clear,Weekday,YES,68,4,1,1,1,0,1,1,1,0,0,0,1,0
Noon,Running,24,171,Cold,Holiday,YES,78,10,1,1,1,0,1,1,1,0,1,0,1,0
Morning,Walking,25,191,Rainy,Weekday,YES,78,88,1,0,0,0,1,1,1,0,1,1,1,0
Morning,Running,22,157,Rainy,Weekday,NO,16,17,1,1,1,0,1,1,1,0,1,1,0,1
Morning,Swimming,44,87,Clear,Weekday,YES,71,52,1,1,0,1,1,0,0,0,0,0,1,0
Night,Running,84,105,Rainy,Weekday,YES,96,6,1,1,1,0,1,1,1,0,1,1,1,0
Noon,Driving,68,179,Rainy,Weekday,NO,19,83,1,0,0,0,0,1,0,0,1,1,0,1
Night,Running,30,65,Cold,Holiday,NO,2,69,1,0,1,0,1,0,1,0,1,0,0,1
Morning,Resting,63,193,Rainy,Holiday,YES,10,96,0,0,0,0,0,1,0,0,1,1,1,1
Noon,Swimming,84,51,Clear,Holiday,NO,50,74,1,0,0,1,1,1,0,0,0,0,0,0
Night,Resting,39,156,Cold,Holiday,NO,81,9,0,1,0,0,0,1,0,1,1,0,0,0
Noon,Resting,57,109,Cold,Holiday,YES,12,91,0,0,0,0,0,1,0,1,1,0,1,1
Night,Driving,44,129,Clear,Holiday,YES,70,77,1,0,0,0,0,1,0,0,0,0,1,0
Noon,Swimming,95,125,Cold,Weekday,NO,22,83,1,0,0,1,1,1,0,0,1,0,0,0
Morning,Swimming,47,190,Cold,Weekday,YES,32,21,1,1,0,1,1,1,0,0,1,0,1,0
Morning,Swimming,40,193,Clear,Holiday,YES,84,24,1,1,0,1,1,1,0,0,0,0,1,0
Noon,Swimming,87,177,Cold,Holiday,NO,1,4,1,1,0,1,1,1,0,0,1,0,0,1
Night,Swimming,33,47,Clear,Weekday,YES,54,24,1,1,0,1,1,1,0,0,0,0,1,0
Morning,Driving,58,67,Clear,Weekday,YES,58,59,1,1,0,0,0,0,0,0,0,0,1,0
Morning,Running,41,180,Rainy,Weekday,YES,70,99,1,0,1,0,1,1,1,0,1,1,1,0
Morning,Resting,64,138,Rainy,Holiday,YES,83,3,0,1,0,0,0,1,0,0,1,1,1,0
Noon,Swimming,88,152,Cold,Holiday,YES,18,68,1,0,0,1,1,1,0,0,1,0,1,1
Noon,Running,67,173,Cold,Holiday,NO,6,40,1,1,1,0,1,1,1,0,1,0,0,1
Night,Running,12,178,Clear,Weekday,NO,45,48,1,1,1,0,1,1,1,0,0,0,0,0
Night,Resting,89,133,Cold,Weekday,YES,97,54,0,1,0,0,0,1,0,1,1,0,1,0
Night,Driving,78,169,Clear,Holiday,NO,23,35,1,1,0,0,0,1,0,0,0,0,0,0
Noon,Walking,94,173,Clear,Holiday,YES,23,95,1,0,0,0,1,1,1,0,0,0,1,0
Noon,Walking,19,110,Cold,Weekday,YES,26,56,1,1,0,0,1,1,1,0,1,0,1,0
Night,Running,92,116,Clear,Weekday,YES,77,89,1,0,1,0,1,1,1,0,0,0,1,0
Night,Resting,34,171,Rainy,Weekday,YES,7,40,0,1,0,0,0,1,0,1,1,1,1,1
Noon,Walking,77,90,Cold,Weekday,YES,79,77,1,0,0,0,1,0,1,0,1,0,1,0
Night,Running,70,75,Rainy,Holiday,NO,44,68,1,0,1,0,1,0,1,0,1,1,0,0
Morning,Driving,38,61,Cold,Weekday,NO,27,46,1,1,0,0,0,0,0,0,1,0,0,0
Noon,Walking,28,44,Clear,Weekday,YES,26,78,1,0,0,0,1,1,1,0,0,0,1,0
Night,Running,52,73,Cold,Weekday,NO,97,13,1,1,1,0,1,0,1,0,1,0,0,0
Noon,Running,75,174,Rainy,Holiday,YES,79,27,1,1,1,0,1,1,1,0,1,1,1,0
Morning,Swimming,83,198,Clear,Holiday,NO,36,6,1,1,0,1,1,1,0,0,0,0,0,0
Noon,Driving,70,83,Cold,Weekday,YES,55,17,1,1,0,0,0,0,0,0,1,0,1,0
Noon,Swimming,52,73,Cold,Weekday,NO,64,36,1,1,0,1,1,0,0,0,1,0,0,0
Noon,Resting,34,127,Cold,Weekday,YES,91,99,0,0,0,0,0,1,0,1,1,0,1,0
Noon,Swimming,29,34,Rainy,Holiday,YES,57,81,1,0,0,1,1,1,0,0,1,1,1,0
Morning,Swimming,57,138,Rainy,Holiday,NO,69,2,1,1,0,1,1,1,0,0,1,1,0,0
Noon,Walking,92,56,Cold,Holiday,NO,61,77,1,0,0,0,1,1,1,0,1,0,0,0
Noon,Running,96,145,Clear,Weekday,YES,2,52,1,1,1,0,1,1,1,0,0,0,1,1
Night,Driving,33,116,Clear,Holiday,NO,55,66,1,0,0,0,0,1,0,0,0,0,0,0
Noon,Swimming,20,133,Rainy,Weekday,YES,97,52,1,1,0,1,1,1,0,0,1,1,1,0
Night,Driving,64,152,Clear,Weekday,NO,80,92,1,0,0,0,0,1,0,0,0,0,0,0
Morning,Swimming,37,108,Rainy,Weekday,NO,87,43,1,1,0,1,1,1,0,0,1,1,0,0
Morning,Resting,78,72,Cold,Holiday,YES,38,90,0,0,0,0,0,0,0,0,1,0,1,0
Morning,Swimming,72,126,Rainy,Weekday,NO,80,22,1,1,0,1,1,1,0,0,1,1,0,0
Morning,Walking,68,60,Rainy,Holiday,NO,78,55,1,1,0,0,1,0,1,0,1,1,0,0
Night,Running,14,128,Cold,Holiday,YES,29,67,1,0,1,0,1,1,1,0,1,0,1,0
Noon,Resting,60,46,Clear,Weekday,NO,26,99,0,0,0,0,0,1,0,1,0,0,0,0
Morning,Swimming,30,112,Rainy,Weekday,YES,35,60,1,0,0,1,1,1,0,0,1,1,1,0
Noon,Driving,21,139,Rainy,Holiday,YES,79,58,1,1,0,0,0,1,0,0,1,1,1,0
Night,Resting,59,61,Cold,Weekday,YES,67,12,0,1,0,0,0,0,0,1,1,0,1,0
Night,Resting,13,197,Clear,Holiday,YES,87,88,0,0,0,0,0,1,0,1,0,0,1,0
Night,Swimming,51,170,Rainy,Weekday,YES,29,69,1,0,0,1,1,1,0,0,1,1,1,0
Morning,Resting,93,64,Cold,Holiday,NO,34,84,0,0,0,0,0,0,0,0,1,0,0,0
Noon,Driving,47,162,Rainy,Holiday,YES,97,39,1,1,0,0,0,1,0,0,1,1,1,0
Noon,Resting,34,58,Cold,Holiday,YES,41,13,0,1,0,0,0,1,0,1,1,0,1,0
Noon,Driving,23,99,Clear,Holiday,NO,41,41,1,1,0,0,0,0,0,0,0,0,0,0
Night,Swimming,84,182,Clear,Weekday,NO,23,57,1,1,0,1,1,1,0,0,0,0,0,0
Morning,Running,41,124,Clear,Weekday,NO,71,53,1,1,1,0,1,1,1,0,0,0,0,0
Night,Resting,20,51,Clear,Holiday,YES,3,12,0,1,0,0,0,1,0,1,0,0,1,1
Night,Running,70,98,Rainy,Holiday,YES,58,13,1,1,1,0,1,0,1,0,1,1,1,0
Noon,Driving,27,118,Rainy,Weekday,YES,32,74,1,0,0,0,0,1,0,0,1,1,1,0
Night,Resting,36,101,Clear,Weekday,NO,31,97,0,0,0,0,0,1,0,1,0,0,0,0
Noon,Walking,64,158,Clear,Weekday,YES,82,57,1,1,0,0,1,1,1,0,0,0,1,0
Morning,Running,63,116,Clear,Weekday,NO,43,40,1,1,1,0,1,1,1,0,0,0,0,0
Noon,Resting,91,125,Rainy,Weekday,YES,7,80,0,0,0,0,0,1,0,1,1,1,1,1
Morning,Running,96,104,Clear,Weekday,NO,1,45,1,1,1,0,1,1,1,0,0,0,0,1
Noon,Resting,84,196,Clear,Holiday,YES,61,35,0,1,0,0,0,1,0,1,0,0,1,0
Night,Swimming,30,83,Clear,Weekday,YES,14,3,1,1,0,1,1,0,0,0,0,0,1,1
Night,Running,53,117,Cold,Weekday,YES,52,5,1,1,1,0,1,1,1,0,1,0,1,0
Morning,Walking,14,186,Clear,Holiday,NO,96,90,1,0,0,0,1,1,1,0,0,0,0,0
Morning,Walking,96,83,Cold,Weekday,NO,6,11,1,1,0,0,1,0,1,0,1,0,0,1
Morning,Driving,50,45,Cold,Weekday,YES,10,71,1,0,0,0,0,1,0,0,1,0,1,1
Noon,Resting,68,128,Clear,Weekday,YES,71,56,0,1,0,0,0,1,0,1,0,0,1,0
Noon,Running,98,49,Cold,Weekday,YES,90,10,1,1,1,0,1,1,1,0,1,0,1,0
Morning,Driving,63,75,Clear,Weekday,NO,98,34,1,1,0,0,0,0,0,0,0,0,0,0
Night,Running,83,156,Rainy,Holiday,YES,30,67,1,0,1,0,1,1,1,0,1,1,1,0
Noon,Resting,31,87,Rainy,Weekday,YES,100,72,0,0,0,0,0,0,0,1,1,1,1,0
Noon,Walking,92,140,Rainy,Holiday,YES,21,31,1,1,0,0,1,1,1,0,1,1,1,0
Noon,Swimming,74,158,Rainy,Holiday,YES,60,75,1,0,0,1,1,1,0,0,1,1,1,0
Morning,Walking,73,110,Cold,Weekday,NO,81,71,1,0,0,0,1,1,1,0,1,0,0,0
Morning,Driving,80,186,Clear,Holiday,NO,97,66,1,0,0,0,0,1,0,0,0,0,0,0
Morning,Swimming,13,113,Clear,Weekday,YES,74,70,1,0,0,1,1,1,0,0,0,0,1,0
Morning,Driving,74,99,Clear,Holiday,YES,63,41,1,1,0,0,0,0,0,0,0,0,1,0
Morning,Resting,24,37,Rainy,Holiday,NO,42,63,0,0,0,0,0,1,0,0,1,1,0,0
Night,Swimming,85,58,Rainy,Weekday,NO,51,32,1,1,0,1,1,1,0,0,1,1,0,0
Night,Driving,31,141,Clear,Weekday,YES,64,20,1,1,0,0,0,1,0,0,0,0,1,0
Morning,Resting,95,190,Rainy,Weekday,NO,76,57,0,1,0,0,0,1,0,0,1,1,0,0
Noon,Walking,56,160,Clear,Weekday,NO,56,98,1,0,0,0,1,1,1,0,0,0,0,0
Morning,Resting,90,192,Clear,Weekday,YES,80,50,0,1,0,0,0,1,0,0,0,0,1,0
Night,Running,55,137,Clear,Holiday,NO,41,80,1,0,1,0,1,1,1,0,0,0,0,0
Night,Resting,23,138,Clear,Holiday,NO,32,25,0,1,0,0,0,1,0,1,0,0,0,0
Noon,Resting,59,49,Clear,Holiday,YES,15,12,0,1,0,0,0,1,0,1,0,0,1,1
Night,Running,29,102,Clear,Holiday,YES,62,71,1,0,1,0,1,1,1,0,0,0,1,0
Morning,Driving,59,196,Clear,Holiday,NO,27,39,1,1,0,0,0,1,0,0,0,0,0,0
Noon,Driving,42,33,Rainy,Holiday,YES,28,17,1,1,0,0,0,1,0,0,1,1,1,0
Morning,Resting,68,48,Clear,Holiday,NO,81,45,0,1,0,0,0,1,0,0,0,0,0,0
Morning,Running,52,131,Clear,Weekday,YES,64,11,1,1,1,0,1,1,1,0,0,0,1,0
Noon,Running,88,200,Rainy,Weekday,NO,59,70,1,0,1,0,1,1,1,0,1,1,0,0
Morning,Walking,21,170,Rainy,Holiday,YES,58,23,1,1,0,0,1,1,1,0,1,1,1,0
Night,Driving,49,170,Rainy,Holiday,NO,2,91,1,0,0,0,0,1,0,0,1,1,0,1
Morning,Swimming,29,115,Clear,Weekday,NO,36,70,1,0,0,1,1,1,0,0,0,0,0,0
Noon,Driving,47,81,Cold,Weekday,NO,71,38,1,1,0,0,0,0,0,0,1,0,0,0
Noon,Driving,12,140,Cold,Weekday,YES,13,2,1,1,0,0,0,1,0,0,1,0,1,1
Noon,Walking,37,138,Rainy,Weekday,YES,15,86,1,0,0,0,1,1,1,0,1,1,1,1
Morning,Swimming,65,115,Cold,Holiday,NO,89,84,1,0,0,1,1,1,0,0,1,0,0,0
Noon,Walking,99,72,Rainy,Weekday,NO,87,89,1,0,0,0,1,0,1,0,1,1,0,0
Noon,Swimming,22,71,Clear,Holiday,YES,60,79,1,0,0,1,1,0,0,0,0,0,1,0
Morning,Resting,86,119,Cold,Holiday,YES,22,93,0,0,0,0,0,1,0,0,1,0,1,0
Night,Swimming,75,144,Clear,Holiday,YES,63,72,1,0,0,1,1,1,0,0,0,0,1,0
Morning,Walking,46,55,Cold,Weekday,YES,90,37,1,1,0,0,1,1,1,0,1,0,1,0
Noon,Driving,58,180,Clear,Weekday,YES,97,49,1,1,0,0,0,1,0,0,0,0,1,0
Noon,Swimming,75,72,Cold,Holiday,YES,75,52,1,1,0,1,1,0,0,0,1,0,1,0
Morning,Swimming,45,106,Clear,Holiday,NO,74,33,1,1,0,1,1,1,0,0,0,0,0,0
Night,Running,63,185,Clear,Holiday,YES,25,22,1,1,1,0,1,1,1,0,0,0,1,0
Noon,Driving,35,166,Cold,Weekday,NO,48,5,1,1,0,0,0,1,0,0,1,0,0,0
Noon,Resting,84,49,Clear,Holiday,YES,43,18,0,1,0,0,0,1,0,1,0,0,1,0
Noon,Walking,81,68,Clear,Weekday,YES,38,38,1,1,0,0,1,0,1,0,0,0,1,0
Morning,Resting,49,41,Clear,Holiday,NO,41,37,0,1,0,0,0,1,0,0,0,0,0,0
Noon,Driving,52,40,Cold,Holiday,NO,45,94,1,0,0,0,0,1,0,0,1,0,0,0
Night,Swimming,31,183,Cold,Holiday,YES,88,95,1,0,0,1,1,1,0,0,1,0,1,0
Noon,Swimming,29,71,Clear,Weekday,NO,40,64,1,0,0,1,1,0,0,0,0,0,0,0
Noon,Driving,17,184,Clear,Weekday,NO,97,10,1,1,0,0,0,1,0,0,0,0,0,0
Night,Swimming,38,40,Cold,Holiday,NO,17,79,1,0,0,1,1,1,0,0,1,0,0,1
Noon,Swimming,49,67,Cold,Weekday,NO,88,42,1,1,0,1,1,0,0,0,1,0,0,0
Morning,Swimming,99,127,Clear,Holiday,YES,57,48,1,1,0,1,1,1,0,0,0,0,1,0
Morning,Walking,39,200,Clear,Weekday,NO,2,44,1,1,0,0,1,1,1,0,0,0,0,1
Morning,Walking,90,48,Clear,Weekday,YES,96,82,1,0,0,0,1,1,1,0,0,0,1,0
Night,Running,93,163,Rainy,Weekday,YES,62,87,1,0,1,0,1,1,1,0,1,1,1,0
Noon,Resting,64,145,Cold,Holiday,YES,88,97,0,0,0,0,0,1,0,1,1,0,1,0
Morning,Driving,25,142,Rainy,Weekday,YES,9,16,1,1,0,0,0,1,0,0,1,1,1,1
Night,Driving,55,199,Cold,Weekday,NO,68,54,1,1,0,0,0,1,0,0,1,0,0,0
Noon,Driving,71,94,Cold,Holiday,NO,81,35,1,1,0,0,0,0,0,0,1,0,0,0
Night,Running,16,128,Cold,Holiday,YES,17,98,1,0,1,0,1,1,1,0,1,0,1,1
Morning,Walking,89,101,Cold,Holiday,YES,50,28,1,1,0,0,1,1,1,0,1,0,1,0
Morning,Running,54,81,Cold,Holiday,YES,94,2,1,1,1,0,1,0,1,0,1,0,1,0
Morning,Driving,68,147,Cold,Weekday,YES,40,94,1,0,0,0,0,1,0,0,1,0,1,0
Night,Resting,65,149,Cold,Weekday,NO,58,13,0,1,0,0,0,1,0,1,1,0,0,0
Night,Swimming,57,36,Rainy,Weekday,YES,75,41,1,1,0,1,1,1,0,0,1,1,1,0
Morning,Walking,36,40,Clear,Weekday,NO,85,80,1,0,0,0,1,1,1,0,0,0,0,0
Night,Walking,62,132,Clear,Weekday,YES,21,59,1,1,0,0,1,1,1,0,0,0,1,0
Morning,Running,96,90,Rainy,Holiday,YES,18,69,1,0,1,0,1,0,1,0,1,1,1,1
Morning,Walking,97,97,Rainy,Weekday,YES,55,92,1,0,0,0,1,0,1,0,1,1,1,0
Noon,Driving,82,182,Rainy,Weekday,YES,29,53,1,1,0,0,0,1,0,0,1,1,1,0
Night,Driving,44,169,Rainy,Weekday,NO,24,45,1,1,0,0,0,1,0,0,1,1,0,0
Morning,Running,60,183,Cold,Holiday,NO,74,20,1,1,1,0,1,1,1,0,1,0,0,0
Morning,Driving,93,131,Clear,Holiday,NO,17,24,1,1,0,0,0,1,0,0,0,0,0,1
Night,Resting,46,139,Cold,Weekday,YES,18,61,0,0,0,0,0,1,0,1,1,0,1,1
Noon,Running,90,169,Clear,Holiday,YES,42,91,1,0,1,0,1,1,1,0,0,0,1,0
Noon,Resting,66,200,Clear,Holiday,NO,84,94,0,0,0,0,0,1,0,1,0,0,0,0
Morning,Swimming,17,80,Rainy,Holiday,NO,45,58,1,1,0,1,1,0,0,0,1,1,0,0
Night,Resting,88,146,Cold,Holiday,YES,82,27,0,1,0,0,0,1,0,1,1,0,1,0
Noon,Swimming,29,194,Rainy,Holiday,YES,17,26,1,1,0,1,1,1,0,0,1,1,1,1
Night,Swimming,62,75,Cold,Holiday,NO,73,7,1,1,0,1,1,0,0,0,1,0,0,0
Night,Resting,21,82,Clear,Holiday,YES,14,42,0,1,0,0,0,0,0,1,0,0,1,1
Morning,Running,58,117,Rainy,Weekday,YES,49,47,1,1,1,0,1,1,1,0,1,1,1,0
Noon,Driving,26,150,Rainy,Weekday,NO,29,53,1,1,0,0,0,1,0,0,1,1,0,0
Morning,Driving,73,42,Clear,Holiday,YES,95,59,1,1,0,0,0,1,0,0,0,0,1,0
Noon,Swimming,51,118,Clear,Weekday,NO,4,38,1,1,0,1,1,1,0,0,0,0,0,1
Noon,Swimming,38,154,Clear,Weekday,YES,82,69,1,0,0,1,1,1,0,0,0,0,1,0
Noon,Running,28,147,Rainy,Holiday,NO,20,87,1,0,1,0,1,1,1,0,1,1,0,0
Noon,Walking,20,83,Cold,Weekday,YES,47,92,1,0,0,0,1,0,1,0,1,0,1,0
Noon,Resting,59,145,Rainy,Holiday,NO,9,98,0,0,0,0,0,1,0,1,1,1,0,1
Night,Swimming,80,147,Cold,Holiday,NO,77,53,1,1,0,1,1,1,0,0,1,0,0,0
Morning,Driving,67,33,Rainy,Holiday,NO,79,15,1,1,0,0,0,1,0,0,1,1,0,0
Night,Running,43,104,Rainy,Weekday,NO,27,96,1,0,1,0,1,1,1,0,1,1,0,0
Noon,Resting,29,78,Clear,Weekday,YES,15,26,0,1,0,0,0,0,0,1,0,0,1,1
Morning,Running,59,36,Cold,Weekday,YES,92,48,1,1,1,0,1,1,1,0,1,0,1,0
Noon,Resting,97,139,Rainy,Weekday,NO,19,95,0,0,0,0,0,1,0,1,1,1,0,1
Morning,Resting,19,151,Rainy,Holiday,YES,90,19,0,1,0,0,0,1,0,0,1,1,1,0
Night,Swimming,41,40,Clear,Holiday,YES,52,9,1,1,0,1,1,1,0,0,0,0,1,0
Morning,Running,61,121,Clear,Weekday,YES,26,64,1,0,1,0,1,1,1,0,0,0,1,0
Morning,Running,24,52,Cold,Holiday,YES,89,93,1,0,1,0,1,1,1,0,1,0,1,0
Morning,Driving,93,57,Rainy,Holiday,YES,26,54,1,1,0,0,0,1,0,0,1,1,1,0
Morning,Driving,12,140,Cold,Weekday,NO,26,51,1,1,0,0,0,1,0,0,1,0,0,0
Morning,Swimming,46,86,Rainy,Holiday,NO,46,39,1,1,0,1,1,0,0,0,1,1,0,0
Noon,Swimming,49,55,Cold,Weekday,NO,92,4,1,1,0,1,1,1,0,0,1,0,0,0
Morning,Walking,81,182,Clear,Holiday,NO,49,3,1,1,0,0,1,1,1,0,0,0,0,0
Morning,Driving,49,83,Rainy,Weekday,YES,82,64,1,0,0,0,0,0,0,0,1,1,1,0
Night,Resting,65,58,Cold,Holiday,YES,96,29,0,1,0,0,0,1,0,1,1,0,1,0
Morning,Running,32,126,Clear,Holiday,NO,53,11,1,1,1,0,1,1,1,0,0,0,0,0
Night,Swimming,20,193,Clear,Weekday,YES,3,97,1,0,0,1,1,1,0,0,0,0,1,1
Noon,Running,73,43,Cold,Weekday,YES,66,58,1,1,1,0,1,1,1,0,1,0,1,0
Morning,Running,17,107,Rainy,Weekday,NO,97,75,1,0,1,0,1,1,1,0,1,1,0,0
Night,Walking,65,64,Rainy,Weekday,YES,42,27,1,1,0,0,1,0,1,0,1,1,1,0
Night,Driving,69,59,Clear,Holiday,NO,19,97,1,0,0,0,0,1,0,0,0,0,0,1
Noon,Swimming,19,121,Rainy,Holiday,NO,17,21,1,1,0,1,1,1,0,0,1,1,0,1
Morning,Running,48,46,Rainy,Weekday,YES,33,39,1,1,1,0,1,1,1,0,1,1,1,0
Morning,Swimming,37,187,Rainy,Holiday,YES,76,95,1,0,0,1,1,1,0,0,1,1,1,0
Night,Resting,58,122,Clear,Weekday,NO,49,46,0,1,0,0,0,1,0,1,0,0,0,0
Morning,Walking,45,108,Cold,Weekday,NO,56,66,1,0,0,0,1,1,1,0,1,0,0,0
Night,Resting,22,139,Rainy,Holiday,YES,63,91,0,0,0,0,0,1,0,1,1,1,1,0
Morning,Swimming,45,131,Clear,Holiday,NO,3,36,1,1,0,1,1,1,0,0,0,0,0,1
Night,Swimming,35,135,Clear,Weekday,NO,49,75,1,0,0,1,1,1,0,0,0,0,0,0
Morning,Driving,95,76,Cold,Weekday,NO,55,82,1,0,0,0,0,0,0,0,1,0,0,0
Noon,Running,13,93,Rainy,Weekday,YES,26,65,1,0,1,0,1,0,1,0,1,1,1,0
Morning,Running,91,195,Rainy,Holiday,NO,99,63,1,0,1,0,1,1,1,0,1,1,0,0
Morning,Resting,73,93,Cold,Holiday,YES,72,99,0,0,0,0,0,0,0,0,1,0,1,0
Noon,Walking,47,116,Cold,Holiday,NO,52,35,1,1,0,0,1,1,1,0,1,0,0,0
Morning,Running,97,36,Clear,Holiday,YES,100,31,1,1,1,0,1,1,1,0,0,0,1,0
Noon,Driving,96,51,Clear,Weekday,NO,7,28,1,1,0,0,0,1,0,0,0,0,0,1
Morning,Resting,31,110,Cold,Weekday,YES,46,1,0,1,0,0,0,1,0,0,1,0,1,0
Night,Resting,11,198,Rainy,Weekday,YES,46,25,0,1,0,0,0,1,0,1,1,1,1,0
Night,Driving,40,103,Clear,Weekday,YES,100,43,1,1,0,0,0,1,0,0,0,0,1,0
Morning,Walking,20,167,Clear,Weekday,NO,16,84,1,0,0,0,1,1,1,0,0,0,0,1
Morning,Driving,55,164,Rainy,Weekday,NO,24,67,1,0,0,0,0,1,0,0,1,1,0,0
Morning,Walking,71,154,Clear,Holiday,NO,61,63,1,0,0,0,1,1,1,0,0,0,0,0
Night,Driving,78,79,Rainy,Holiday,YES,54,51,1,1,0,0,0,0,0,0,1,1,1,0
Morning,Driving,73,81,Rainy,Weekday,NO,62,2,1,1,0,0,0,0,0,0,1,1,0,0
Night,Swimming,19,190,Rainy,Weekday,YES,1,82,1,0,0,1,1,1,0,0,1,1,1,1
Noon,Resting,49,30,Cold,Holiday,NO,49,64,0,0,0,0,0,1,0,1,1,0,0,0
Night,Driving,33,191,Cold,Holiday,YES,25,74,1,0,0,0,0,1,0,0,1,0,1,0
Night,Driving,53,33,Cold,Holiday,YES,10,69,1,0,0,0,0,1,0,0,1,0,1,1
Noon,Running,69,174,Rainy,Holiday,YES,80,9,1,1,1,0,1,1,1,0,1,1,1,0
Night,Resting,71,161,Rainy,Weekday,NO,16,2,0,1,0,0,0,1,0,1,1,1,0,1
Morning,Running,96,200,Cold,Weekday,NO,58,34,1,1,1,0,1,1,1,0,1,0,0,0
Morning,Resting,26,33,Clear,Weekday,NO,72,60,0,0,0,0,0,1,0,0,0,0,0,0
Night,Running,74,30,Rainy,Weekday,YES,29,61,1,0,1,0,1,1,1,0,1,1,1,0
Morning,Driving,66,100,Clear,Weekday,YES,92,31,1,1,0,0,0,0,0,0,0,0,1,0
Night,Driving,64,64,Clear,Holiday,NO,6,10,1,1,0,0,0,0,0,0,0,0,0,1
Morning,Swimming,62,37,Rainy,Weekday,NO,16,76,1,0,0,1,1,1,0,0,1,1,0,1
Morning,Running,65,181,Rainy,Holiday,NO,20,36,1,1,1,0,1,1,1,0,1,1,0,0
Night,Walking,18,65,Clear,Weekday,YES,80,85,1,0,0,0,1,0,1,0,0,0,1,0
Morning,Swimming,31,152,Clear,Weekday,YES,71,49,1,1,0,1,1,1,0,0,0,0,1,0
Night,Running,22,72,Cold,Weekday,YES,78,70,1,0,1,0,1,0,1,0,1,0,1,0
Morning,Running,98,56,Cold,Weekday,YES,43,49,1,1,1,0,1,1,1,0,1,0,1,0
Morning,Swimming,57,61,Rainy,Weekday,YES,26,3,1,1,0,1,1,0,0,0,1,1,1,0
Noon,Driving,27,107,Cold,Holiday,NO,90,74,1,0,0,0,0,1,0,0,1,0,0,0
Noon,Running,85,150,Cold,Holiday,YES,78,5,1,1,1,0,1,1,1,0,1,0,1,0
Night,Driving,49,175,Cold,Holiday,YES,71,90,1,0,0,0,0,1,0,0,1,0,1,0
Noon,Swimming,26,185,Cold,Weekday,YES,33,61,1,0,0,1,1,1,0,0,1,0,1,0
Night,Driving,24,186,Clear,Weekday,YES,26,85,1,0,0,0,0,1,0,0,0,0,1,0
Noon,Resting,24,45,Rainy,Holiday,YES,45,90,0,0,0,0,0,1,0,1,1,1,1,0
Morning,Walking,88,128,Cold,Weekday,NO,84,26,1,1,0,0,1,1,1,0,1,0,0,0
Night,Running,72,76,Clear,Weekday,YES,63,72,1,0,1,0,1,0,1,0,0,0,1,0
Night,Walking,48,60,Clear,Holiday,YES,67,5,1,1,0,0,1,0,1,0,0,0,1,0
Morning,Driving,22,33,Clear,Weekday,YES,52,15,1,1,0,0,0,1,0,0,0,0,1,0
Night,Running,90,194,Cold,Holiday,NO,68,16,1,1,1,0,1,1,1,0,1,0,0,0
Night,Driving,41,46,Cold,Weekday,NO,26,1,1,1,0,0,0,1,0,0,1,0,0,0
Noon,Resting,18,68,Rainy,Holiday,NO,75,16,0,1,0,0,0,0,0,1,1,1,0,0
Night,Swimming,49,77,Cold,Weekday,YES,2,37,1,1,0,1,1,0,0,0,1,0,1,1
Morning,Running,29,68,Cold,Weekday,NO,14,3,1,1,1,0,1,0,1,0,1,0,0,1
Noon,Resting,99,161,Clear,Holiday,YES,30,52,0,1,0,0,0,1,0,1,0,0,1,0
Noon,Resting,100,59,Rainy,Weekday,YES,49,47,0,1,0,0,0,1,0,1,1,1,1,0
Morning,Running,94,187,Cold,Weekday,NO,12,95,1,0,1,0,1,1,1,0,1,0,0,1
Morning,Driving,91,51,Cold,Holiday,YES,90,13,1,1,0,0,0,1,0,0,1,0,1,0
Noon,Resting,86,95,Clear,Weekday,YES,44,80,0,0,0,0,0,0,0,1,0,0,1,0
Night,Walking,89,137,Clear,Holiday,YES,33,55,1,1,0,0,1,1,1,0,0,0,1,0
Noon,Resting,82,41,Cold,Weekday,NO,13,21,0,1,0,0,0,1,0,1,1,0,0,1
Morning,Driving,72,65,Rainy,Weekday,YES,78,66,1,0,0,0,0,0,0,0,1,1,1,0
Noon,Driving,85,47,Rainy,Weekday,YES,88,54,1,1,0,0,0,1,0,0,1,1,1,0
Morning,Walking,53,119,Clear,Weekday,NO,98,27,1,1,0,0,1,1,1,0,0,0,0,0
Noon,Resting,47,30,Clear,Holiday,YES,26,38,0,1,0,0,0,1,0,1,0,0,1,0
Night,Driving,92,156,Cold,Weekday,YES,21,90,1,0,0,0,0,1,0,0,1,0,1,0
Noon,Running,69,119,Clear,Holiday,NO,28,58,1,1,1,0,1,1,1,0,0,0,0,0
Noon,Swimming,80,116,Cold,Weekday,YES,48,62,1,0,0,1,1,1,0,0,1,0,1,0
Morning,Swimming,57,119,Rainy,Weekday,YES,100,46,1,1,0,1,1,1,0,0,1,1,1,0
Morning,Swimming,27,163,Rainy,Weekday,YES,40,89,1,0,0,1,1,1,0,0,1,1,1,0
Morning,Resting,25,99,Cold,Weekday,YES,66,11,0,1,0,0,0,0,0,0,1,0,1,0
Noon,Walking,64,73,Clear,Holiday,YES,73,72,1,0,0,0,1,0,1,0,0,0,1,0
Night,Driving,48,181,Rainy,Holiday,NO,87,8,1,1,0,0,0,1,0,0,1,1,0,0
Morning,Running,77,115,Clear,Holiday,NO,79,97,1,0,1,0,1,1,1,0,0,0,0,0
Morning,Running,68,48,Rainy,Holiday,NO,77,71,1,0,1,0,1,1,1,0,1,1,0,0
Noon,Resting,98,130,Cold,Weekday,NO,23,64,0,0,0,0,0,1,0,1,1,0,0,0
Morning,Swimming,71,175,Cold,Holiday,YES,81,21,1,1,0,1,1,1,0,0,1,0,1,0
Night,Resting,22,124,Cold,Holiday,YES,48,72,0,0,0,0,0,1,0,1,1,0,1,0
Night,Walking,90,130,Rainy,Weekday,YES,2,63,1,0,0,0,1,1,1,0,1,1,1,1
Morning,Walking,15,59,Clear,Weekday,YES,84,85,1,0,0,0,1,1,1,0,0,0,1,0
Morning,Driving,92,199,Clear,Weekday,YES,20,64,1,0,0,0,0,1,0,0,0,0,1,0
Noon,Driving,86,62,Clear,Weekday,NO,59,20,1,1,0,0,0,0,0,0,0,0,0,0
Night,Walking,69,41,Rainy,Holiday,NO,46,8,1,1,0,0,1,1,1,0,1,1,0,0
Night,Walking,99,147,Rainy,Holiday,YES,3,58,1,1,0,0,1,1,1,0,1,1,1,1
Morning,Walking,23,123,Rainy,Weekday,YES,55,46,1,1,0,0,1,1,1,0,1,1,1,0
Noon,Resting,63,184,Rainy,Weekday,YES,12,31,0,1,0,0,0,1,0,1,1,1,1,1
Night,Walking,13,196,Rainy,Weekday,NO,40,93,1,0,0,0,1,1,1,0,1,1,0,0
Night,Running,48,166,Clear,Holiday,YES,66,9,1,1,1,0,1,1,1,0,0,0,1,0
Noon,Swimming,81,178,Rainy,Holiday,YES,100,15,1,1,0,1,1,1,0,0,1,1,1,0
Noon,Walking,34,105,Rainy,Weekday,YES,78,94,1,0,0,0,1,1,1,0,1,1,1,0
Night,Swimming,86,58,Clear,Weekday,NO,16,26,1,1,0,1,1,1,0,0,0,0,0,1
Night,Resting,41,190,Rainy,Holiday,YES,83,10,0,1,0,0,0,1,0,1,1,1,1,0
Noon,Swimming,68,146,Clear,Weekday,NO,34,29,1,1,0,1,1,1,0,0,0,0,0,0
Night,Resting,72,44,Clear,Weekday,NO,44,80,0,0,0,0,0,1,0,1,0,0,0,0
Morning,Running,47,31,Cold,Holiday,NO,6,36,1,1,1,0,1,1,1,0,1,0,0,1
Morning,Resting,62,146,Cold,Weekday,NO,77,84,0,0,0,0,0,1,0,0,1,0,0,0
Noon,Resting,76,47,Cold,Holiday,NO,64,37,0,1,0,0,0,1,0,1,1,0,0,0
Noon,Driving,37,32,Cold,Weekday,NO,100,86,1,0,0,0,0,1,0,0,1,0,0,0
Noon,Walking,12,164,Rainy,Weekday,YES,22,71,1,0,0,0,1,1,1,0,1,1,1,0
Morning,Walking,89,200,Cold,Holiday,YES,18,23,1,1,0,0,1,1,1,0,1,0,1,1
Night,Running,31,195,Clear,Holiday,YES,12,41,1,1,1,0,1,1,1,0,0,0,1,1
Morning,Running,47,194,Rainy,Weekday,NO,52,93,1,0,1,0,1,1,1,0,1,1,0,0
Night,Walking,81,190,Cold,Holiday,YES,94,80,1,0,0,0,1,1,1,0,1,0,1,0
Morning,Driving,81,137,Clear,Weekday,NO,51,28,1,1,0,0,0,1,0,0,0,0,0,0
Night,Walking,71,124,Rainy,Weekday,NO,71,48,1,1,0,0,1,1,1,0,1,1,0,0
Morning,Driving,66,151,Rainy,Holiday,NO,96,38,1,1,0,0,0,1,0,0,1,1,0,0
Noon,Running,15,40,Cold,Weekday,YES,48,31,1,1,1,0,1,1,1,0,1,0,1,0
Morning,Swimming,87,97,Rainy,Weekday,NO,19,14,1,1,0,1,1,0,0,0,1,1,0,1
Night,Running,41,152,Clear,Holiday,NO,6,97,1,0,1,0,1,1,1,0,0,0,0,1
Morning,Running,19,142,Rainy,Holiday,YES,84,73,1,0,1,0,1,1,1,0,1,1,1,0
Morning,Resting,12,127,Clear,Weekday,YES,27,91,0,0,0,0,0,1,0,0,0,0,1,0
Morning,Resting,68,122,Rainy,Holiday,NO,53,88,0,0,0,0,0,1,0,0,1,1,0,0
Noon,Resting,85,51,Cold,Holiday,NO,48,77,0,0,0,0,0,1,0,1,1,0,0,0
Morning,Resting,58,156,Clear,Holiday,YES,7,90,0,0,0,0,0,1,0,0,0,0,1,1
Noon,Driving,68,163,Rainy,Holiday,YES,59,29,1,1,0,0,0,1,0,0,1,1,1,0
Noon,Walking,40,199,Rainy,Weekday,YES,69,51,1,1,0,0,1,1,1,0,1,1,1,0
Morning,Swimming,78,54,Rainy,Weekday,NO,11,49,1,1,0,1,1,1,0,0,1,1,0,1
Morning,Running,71,114,Clear,Weekday,YES,15,43,1,1,1,0,1,1,1,0,0,0,1,1
Morning,Driving,61,84,Clear,Holiday,YES,64,92,1,0,0,0,0,0,0,0,0,0,1,0
Night,Swimming,98,173,Clear,Holiday,YES,3,92,1,0,0,1,1,1,0,0,0,0,1,1
Morning,Driving,50,124,Cold,Holiday,NO,69,72,1,0,0,0,0,1,0,0,1,0,0,0
Noon,Driving,40,171,Cold,Holiday,YES,23,87,1,0,0,0,0,1,0,0,1,0,1,0
Morning,Running,94,196,Clear,Holiday,YES,53,93,1,0,1,0,1,1,1,0,0,0,1,0
Night,Walking,93,185,Rainy,Holiday,YES,37,5,1,1,0,0,1,1,1,0,1,1,1,0
Morning,Resting,31,148,Cold,Holiday,YES,9,42,0,1,0,0,0,1,0,0,1,0,1,1
Night,Walking,13,38,Clear,Weekday,YES,15,7,1,1,0,0,1,1,1,0,0,0,1,1
Night,Running,22,179,Rainy,Weekday,NO,3,42,1,1,1,0,1,1,1,0,1,1,0,1
Morning,Running,54,189,Cold,Holiday,NO,93,36,1,1,1,0,1,1,1,0,1,0,0,0
Noon,Running,51,71,Rainy,Holiday,NO,70,27,1,1,1,0,1,0,1,0,1,1,0,0
Night,Swimming,58,82,Rainy,Holiday,YES,17,58,1,1,0,1,1,0,0,0,1,1,1,1
Morning,Walking,29,103,Rainy,Weekday,NO,26,46,1,1,0,0,1,1,1,0,1,1,0,0
Morning,Walking,86,68,Rainy,Weekday,NO,21,66,1,0,0,0,1,0,1,0,1,1,0,0
Noon,Driving,90,151,Cold,Holiday,NO,72,25,1,1,0,0,0,1,0,0,1,0,0,0
Night,Driving,63,44,Cold,Holiday,YES,21,73,1,0,0,0,0,1,0,0,1,0,1,0
Night,Driving,45,186,Cold,Weekday,YES,11,27,1,1,0,0,0,1,0,0,1,0,1,1
Morning,Running,10,152,Clear,Weekday,NO,38,1,1,1,1,0,1,1,1,0,0,0,0,0
Morning,Walking,24,140,Cold,Weekday,NO,72,87,1,0,0,0,1,1,1,0,1,0,0,0
Noon,Running,86,160,Rainy,Weekday,YES,88,74,1,0,1,0,1,1,1,0,1,1,1,0
Noon,Swimming,26,112,Cold,Holiday,YES,35,42,1,1,0,1,1,1,0,0,1,0,1,0
Night,Driving,33,39,Rainy,Weekday,NO,14,52,1,1,0,0,0,1,0,0,1,1,0,1
Night,Running,67,121,Clear,Weekday,YES,14,25,1,1,1,0,1,1,1,0,0,0,1,1
Morning,Running,81,58,Rainy,Holiday,NO,10,54,1,1,1,0,1,1,1,0,1,1,0,1
Night,Swimming,100,64,Rainy,Weekday,YES,12,67,1,0,0,1,1,0,0,0,1,1,1,1
Noon,Resting,32,35,Rainy,Weekday,NO,38,6,0,1,0,0,0,1,0,1,1,1,0,0
Noon,Walking,55,169,Clear,Weekday,NO,34,58,1,1,0,0,1,1,1,0,0,0,0,0
Morning,Resting,81,140,Cold,Holiday,YES,41,70,0,0,0,0,0,1,0,0,1,0,1,0
Noon,Driving,17,67,Cold,Weekday,NO,10,53,1,1,0,0,0,0,0,0,1,0,0,1
Noon,Running,68,106,Clear,Holiday,NO,17,66,1,0,1,0,1,1,1,0,0,0,0,1
Noon,Swimming,99,122,Rainy,Holiday,NO,17,58,1,1,0,1,1,1,0,0,1,1,0,1
Noon,Swimming,68,176,Cold,Weekday,YES,67,82,1,0,0,1,1,1,0,0,1,0,1,0
Morning,Walking,22,96,Clear,Weekday,YES,62,87,1,0,0,0,1,0,1,0,0,0,1,0
Morning,Resting,48,165,Cold,Weekday,YES,95,2,0,1,0,0,0,1,0,0,1,0,1,0
Night,Walking,37,37,Clear,Weekday,NO,1,76,1,0,0,0,1,1,1,0,0,0,0,1
Noon,Running,98,151,Rainy,Holiday,YES,12,22,1,1,1,0,1,1,1,0,1,1,1,1
Night,Walking,70,113,Cold,Weekday,NO,4,37,1,1,0,0,1,1,1,0,1,0,0,1
Morning,Swimming,25,161,Clear,Weekday,NO,42,20,1,1,0,1,1,1,0,0,0,0,0,0
Morning,Swimming,11,114,Cold,Weekday,YES,13,24,1,1,0,1,1,1,0,0,1,0,1,1
Morning,Driving,91,74,Cold,Holiday,YES,98,84,1,0,0,0,0,0,0,0,1,0,1,0
Morning,Driving,26,165,Cold,Weekday,NO,85,65,1,0,0,0,0,1,0,0,1,0,0,0
Morning,Running,39,116,Cold,Weekday,NO,86,65,1,0,1,0,1,1,1,0,1,0,0,0
Morning,Resting,22,45,Clear,Holiday,YES,4,81,0,0,0,0,0,1,0,0,0,0,1,1
Morning,Walking,91,106,Rainy,Holiday,YES,82,1,1,1,0,0,1,1,1,0,1,1,1,0
Noon,Running,22,38,Clear,Weekday,YES,69,94,1,0,1,0,1,1,1,0,0,0,1,0
Night,Driving,52,89,Clear,Weekday,NO,19,3,1,1,0,0,0,0,0,0,0,0,0,1
Morning,Walking,94,107,Clear,Weekday,NO,2,46,1,1,0,0,1,1,1,0,0,0,0,1
Noon,Driving,30,106,Rainy,Weekday,NO,12,55,1,1,0,0,0,1,0,0,1,1,0,1
Noon,Walking,64,100,Cold,Weekday,NO,81,75,1,0,0,0,1,0,1,0,1,0,0,0
Night,Resting,90,44,Cold,Holiday,NO,74,88,0,0,0,0,0,1,0,1,1,0,0,0
Morning,Running,49,100,Cold,Holiday,YES,98,86,1,0,1,0,1,0,1,0,1,0,1,0
Night,Walking,92,131,Rainy,Weekday,YES,6,64,1,0,0,0,1,1,1,0,1,1,1,1
Morning,Swimming,24,198,Cold,Weekday,NO,8,45,1,1,0,1,1,1,0,0,1,0,0,1
Noon,Swimming,82,51,Rainy,Holiday,NO,51,26,1,1,0,1,1,1,0,0,1,1,0,0
Noon,Walking,61,181,Cold,Weekday,YES,11,77,1,0,0,0,1,1,1,0,1,0,1,1
Noon,Walking,83,142,Cold,Weekday,YES,63,65,1,0,0,0,1,1,1,0,1,0,1,0
Noon,Walking,62,30,Clear,Weekday,YES,57,24,1,1,0,0,1,1,1,0,0,0,1,0
Night,Swimming,96,39,Rainy,Weekday,YES,12,74,1,0,0,1,1,1,0,0,1,1,1,1
Morning,Swimming,61,139,Clear,Weekday,NO,73,35,1,1,0,1,1,1,0,0,0,0,0,0
Morning,Walking,39,142,Clear,Holiday,YES,2,24,1,1,0,0,1,1,1,0,0,0,1,1
Night,Driving,42,79,Clear,Weekday,NO,8,28,1,1,0,0,0,0,0,0,0,0,0,1
Morning,Driving,66,41,Rainy,Weekday,YES,11,100,1,0,0,0,0,1,0,0,1,1,1,1
Noon,Resting,61,118,Rainy,Weekday,YES,53,80,0,0,0,0,0,1,0,1,1,1,1,0
Morning,Running,18,183,Cold,Holiday,YES,100,16,1,1,1,0,1,1,1,0,1,0,1,0
Noon,Driving,63,141,Clear,Holiday,NO,10,59,1,1,0,0,0,1,0,0,0,0,0,1
Night,Swimming,10,107,Cold,Holiday,NO,85,81,1,0,0,1,1,1,0,0,1,0,0,0
Morning,Driving,53,198,Clear,Holiday,YES,84,54,1,1,0,0,0,1,0,0,0,0,1,0
Night,Resting,84,193,Rainy,Weekday,NO,8,79,0,0,0,0,0,1,0,1,1,1,0,1
Morning,Resting,89,150,Rainy,Holiday,NO,36,16,0,1,0,0,0,1,0,0,1,1,0,0
Noon,Running,18,52,Rainy,Weekday,YES,93,15,1,1,1,0,1,1,1,0,1,1,1,0
Night,Driving,41,200,Clear,Weekday,YES,76,98,1,0,0,0,0,1,0,0,0,0,1,0
Morning,Swimming,24,163,Rainy,Holiday,NO,14,11,1,1,0,1,1,1,0,0,1,1,0,1
Noon,Swimming,21,200,Clear,Holiday,NO,54,65,1,0,0,1,1,1,0,0,0,0,0,0
Night,Walking,87,54,Cold,Holiday,NO,85,79,1,0,0,0,1,1,1,0,1,0,0,0
Night,Swimming,66,47,Clear,Holiday,YES,86,90,1,0,0,1,1,1,0,0,0,0,1,0
Morning,Running,17,170,Cold,Holiday,YES,21,68,1,0,1,0,1,1,1,0,1,0,1,0
Morning,Running,81,72,Clear,Weekday,NO,50,43,1,1,1,0,1,0,1,0,0,0,0,0
Morning,Swimming,36,107,Cold,Holiday,YES,94,69,1,0,0,1,1,1,0,0,1,0,1,0
Noon,Swimming,71,57,Rainy,Holiday,YES,39,99,1,0,0,1,1,1,0,0,1,1,1,0
Morning,Walking,21,175,Cold,Holiday,NO,20,13,1,1,0,0,1,1,1,0,1,0,0,0
Night,Swimming,74,88,Rainy,Weekday,NO,88,10,1,1,0,1,1,0,0,0,1,1,0,0
Night,Walking,51,92,Rainy,Holiday,YES,87,75,1,0,0,0,1,0,1,0,1,1,1,0
Morning,Walking,71,121,Cold,Weekday,YES,7,82,1,0,0,0,1,1,1,0,1,0,1,1
Morning,Swimming,20,85,Clear,Holiday,NO,9,98,1,0,0,1,1,0,0,0,0,0,0,1
Night,Resting,52,184,Clear,Holiday,YES,1,41,0,1,0,0,0,1,0,1,0,0,1,1
Noon,Resting,26,189,Clear,Weekday,YES,26,50,0,1,0,0,0,1,0,1,0,0,1,0
Morning,Walking,41,140,Clear,Holiday,NO,38,87,1,0,0,0,1,1,1,0,0,0,0,0
Morning,Swimming,94,166,Clear,Weekday,NO,38,71,1,0,0,1,1,1,0,0,0,0,0,0
Night,Resting,94,97,Rainy,Weekday,YES,61,59,0,1,0,0,0,0,0,1,1,1,1,0
Morning,Swimming,49,75,Clear,Weekday,YES,44,39,1,1,0,1,1,0,0,0,0,0,1,0
Noon,Swimming,32,96,Rainy,Holiday,YES,86,3,1,1,0,1,1,0,0,0,1,1,1,0
Night,Swimming,65,183,Rainy,Holiday,NO,44,76,1,0,0,1,1,1,0,0,1,1,0,0
Morning,Driving,15,165,Rainy,Holiday,YES,74,7,1,1,0,0,0,1,0,0,1,1,1,0
Night,Swimming,95,35,Cold,Weekday,YES,62,49,1,1,0,1,1,1,0,0,1,0,1,0
Morning,Driving,59,53,Cold,Holiday,NO,6,26,1,1,0,0,0,1,0,0,1,0,0,1
Morning,Walking,46,123,Rainy,Weekday,NO,17,33,1,1,0,0,1,1,1,0,1,1,0,1
Morning,Resting,73,42,Cold,Holiday,YES,51,48,0,1,0,0,0,1,0,0,1,0,1,0
Noon,Resting,63,54,Clear,Weekday,NO,38,79,0,0,0,0,0,1,0,1,0,0,0,0
Noon,Resting,81,177,Clear,Weekday,NO,24,2,0,1,0,0,0,1,0,1,0,0,0,0
Night,Resting,58,147,Rainy,Weekday,YES,51,71,0,0,0,0,0,1,0,1,1,1,1,0
Morning,Resting,20,111,Clear,Holiday,NO,10,32,0,1,0,0,0,1,0,0,0,0,0,1
Morning,Resting,97,140,Rainy,Weekday,NO,72,4,0,1,0,0,0,1,0,0,1,1,0,0
Noon,Resting,58,111,Rainy,Weekday,YES,21,20,0,1,0,0,0,1,0,1,1,1,1,0
Morning,Walking,30,95,Clear,Weekday,NO,70,36,1,1,0,0,1,0,1,0,0,0,0,0
Noon,Swimming,75,74,Cold,Weekday,YES,85,32,1,1,0,1,1,0,0,0,1,0,1,0
Morning,Running,72,143,Clear,Weekday,YES,57,28,1,1,1,0,1,1,1,0,0,0,1,0
Night,Driving,92,92,Clear,Weekday,NO,39,77,1,0,0,0,0,0,0,0,0,0,0,0
Morning,Running,37,105,Rainy,Holiday,NO,88,1,1,1,1,0,1,1,1,0,1,1,0,0
Morning,Running,26,143,Rainy,Holiday,NO,33,60,1,0,1,0,1,1,1,0,1,1,0,0
Noon,Swimming,15,140,Rainy,Weekday,YES,59,56,1,1,0,1,1,1,0,0,1,1,1,0
Morning,Swimming,28,176,Rainy,Holiday,NO,18,35,1,1,0,1,1,1,0,0,1,1,0,1
Morning,Swimming,65,64,Cold,Holiday,YES,56,30,1,1,0,1,1,0,0,0,1,0,1,0
Noon,Resting,37,82,Cold,Weekday,NO,92,54,0,1,0,0,0,0,0,1,1,0,0,0
Night,Walking,75,55,Cold,Weekday,NO,57,36,1,1,0,0,1,1,1,0,1,0,0,0
Night,Resting,47,43,Rainy,Weekday,NO,96,55,0,1,0,0,0,1,0,1,1,1,0,0
Noon,Walking,46,147,Rainy,Holiday,YES,76,89,1,0,0,0,1,1,1,0,1,1,1,0
Noon,Walking,77,74,Rainy,Weekday,NO,48,80,1,0,0,0,1,0,1,0,1,1,0,0
Noon,Running,95,80,Cold,Holiday,NO,42,58,1,1,1,0,1,0,1,0,1,0,0,0
Noon,Running,99,200,Rainy,Weekday,YES,27,83,1,0,1,0,1,1,1,0,1,1,1,0
Noon,Walking,58,148,Clear,Holiday,YES,74,65,1,0,0,0,1,1,1,0,0,0,1,0
Night,Walking,52,180,Clear,Weekday,NO,52,69,1,0,0,0,1,1,1,0,0,0,0,0
Night,Resting,45,48,Rainy,Weekday,NO,42,51,0,1,0,0,0,1,0,1,1,1,0,0
Noon,Resting,67,111,Clear,Holiday,NO,32,22,0,1,0,0,0,1,0,1,0,0,0,0
Morning,Running,22,105,Clear,Holiday,YES,26,88,1,0,1,0,1,1,1,0,0,0,1,0
Noon,Swimming,61,121,Cold,Holiday,YES,25,53,1,1,0,1,1,1,0,0,1,0,1,0
Morning,Walking,67,62,Rainy,Holiday,YES,75,100,1,0,0,0,1,0,1,0,1,1,1,0
Noon,Resting,41,176,Rainy,Holiday,YES,23,36,0,1,0,0,0,1,0,1,1,1,1,0
Noon,Running,90,57,Cold,Holiday,NO,98,68,1,0,1,0,1,1,1,0,1,0,0,0
Night,Resting,69,152,Clear,Weekday,YES,57,36,0,1,0,0,0,1,0,1,0,0,1,0
Morning,Walking,92,155,Clear,Holiday,YES,52,52,1,1,0,0,1,1,1,0,0,0,1,0
Morning,Walking,67,66,Rainy,Weekday,YES,87,53,1,1,0,0,1,0,1,0,1,1,1,0
Night,Driving,65,183,Clear,Weekday,NO,93,82,1,0,0,0,0,1,0,0,0,0,0,0
Night,Swimming,37,128,Cold,Holiday,NO,31,50,1,1,0,1,1,1,0,0,1,0,0,0
Night,Driving,10,127,Cold,Weekday,YES,64,80,1,0,0,0,0,1,0,0,1,0,1,0
Night,Running,51,156,Rainy,Holiday,YES,71,41,1,1,1,0,1,1,1,0,1,1,1,0
Morning,Resting,91,197,Cold,Holiday,NO,33,18,0,1,0,0,0,1,0,0,1,0,0,0
Morning,Running,57,109,Cold,Weekday,NO,85,22,1,1,1,0,1,1,1,0,1,0,0,0
Noon,Walking,49,67,Rainy,Weekday,NO,2,66,1,0,0,0,1,0,1,0,1,1,0,1
Noon,Driving,72,106,Cold,Holiday,NO,18,21,1,1,0,0,0,1,0,0,1,0,0,1
Night,Driving,85,155,Cold,Holiday,NO,47,100,1,0,0,0,0,1,0,0,1,0,0,0
Night,Driving,81,116,Cold,Weekday,NO,33,44,1,1,0,0,0,1,0,0,1,0,0,0
Night,Running,97,83,Clear,Weekday,NO,98,47,1,1,1,0,1,0,1,0,0,0,0,0
Noon,Walking,89,179,Rainy,Weekday,NO,84,39,1,1,0,0,1,1,1,0,1,1,0,0
Noon,Resting,13,45,Rainy,Weekday,YES,35,29,0,1,0,0,0,1,0,1,1,1,1,0
Noon,Resting,47,57,Rainy,Holiday,YES,51,54,0,1,0,0,0,1,0,1,1,1,1,0
Noon,Running,36,192,Clear,Holiday,YES,18,90,1,0,1,0,1,1,1,0,0,0,1,1
Noon,Driving,18,75,Clear,Holiday,YES,88,85,1,0,0,0,0,0,0,0,0,0,1,0
Noon,Swimming,25,101,Rainy,Holiday,YES,72,17,1,1,0,1,1,1,0,0,1,1,1,0
Noon,Running,65,114,Clear,Weekday,YES,30,80,1,0,1,0,1,1,1,0,0,0,1,0
Night,Running,85,55,Rainy,Weekday,NO,44,60,1,0,1,0,1,1,1,0,1,1,0,0
Night,Walking,40,114,Clear,Holiday,NO,53,31,1,1,0,0,1,1,1,0,0,0,0,0
Night,Resting,97,182,Cold,Holiday,YES,10,73,0,0,0,0,0,1,0,1,1,0,1,1
Night,Running,23,94,Cold,Holiday,YES,87,95,1,0,1,0,1,0,1,0,1,0,1,0
Noon,Running,34,163,Rainy,Holiday,NO,52,78,1,0,1,0,1,1,1,0,1,1,0,0
Morning,Driving,43,180,Clear,Holiday,NO,49,49,1,1,0,0,0,1,0,0,0,0,0,0
Noon,Driving,76,144,Clear,Holiday,NO,11,2,1,1,0,0,0,1,0,0,0,0,0,1
Morning,Swimming,33,93,Cold,Holiday,YES,66,48,1,1,0,1,1,0,0,0,1,0,1,0
Night,Walking,82,116,Cold,Holiday,NO,58,14,1,1,0,0,1,1,1,0,1,0,0,0
Noon,Swimming,35,200,Clear,Holiday,YES,90,59,1,1,0,1,1,1,0,0,0,0,1,0
Night,Driving,29,136,Clear,Weekday,YES,36,97,1,0,0,0,0,1,0,0,0,0,1,0
Noon,Resting,73,180,Clear,Holiday,NO,33,99,0,0,0,0,0,1,0,1,0,0,0,0
Night,Driving,19,125,Clear,Weekday,NO,47,58,1,1,0,0,0,1,0,0,0,0,0,0
Morning,Walking,92,187,Clear,Weekday,YES,13,58,1,1,0,0,1,1,1,0,0,0,1,1
Morning,Driving,76,106,Clear,Holiday,NO,40,51,1,1,0,0,0,1,0,0,0,0,0,0
Morning,Walking,33,175,Rainy,Holiday,NO,89,84,1,0,0,0,1,1,1,0,1,1,0,0
Noon,Walking,14,116,Clear,Weekday,YES,68,2,1,1,0,0,1,1,1,0,0,0,1,0
Morning,Walking,76,178,Cold,Weekday,NO,42,41,1,1,0,0,1,1,1,0,1,0,0,0
Noon,Walking,67,86,Rainy,Holiday,YES,19,83,1,0,0,0,1,0,1,0,1,1,1,1
Morning,Walking,36,132,Clear,Weekday,YES,82,82,1,0,0,0,1,1,1,0,0,0,1,0
Morning,Resting,89,180,Cold,Holiday,NO,94,16,0,1,0,0,0,1,0,0,1,0,0,0
Noon,Swimming,24,120,Rainy,Holiday,YES,19,4,1,1,0,1,1,1,0,0,1,1,1,1
Noon,Running,44,74,Cold,Holiday,YES,58,12,1,1,1,0,1,0,1,0,1,0,1,0
Morning,Swimming,85,117,Clear,Weekday,NO,23,29,1,1,0,1,1,1,0,0,0,0,0,0
Noon,Walking,62,144,Clear,Weekday,NO,54,7,1,1,0,0,1,1,1,0,0,0,0,0
Morning,Resting,53,76,Clear,Holiday,NO,80,14,0,1,0,0,0,0,0,0,0,0,0,0
Noon,Driving,35,197,Clear,Weekday,YES,65,12,1,1,0,0,0,1,0,0,0,0,1,0
Night,Resting,56,199,Rainy,Weekday,YES,12,99,0,0,0,0,0,1,0,1,1,1,1,1
Night,Walking,43,164,Rainy,Weekday,NO,24,5,1,1,0,0,1,1,1,0,1,1,0,0
Night,Resting,96,79,Cold,Weekday,YES,34,81,0,0,0,0,0,0,0,1,1,0,1,0
Night,Resting,59,113,Clear,Weekday,NO,53,32,0,1,0,0,0,1,0,1,0,0,0,0
Night,Walking,93,120,Cold,Weekday,NO,8,74,1,0,0,0,1,1,1,0,1,0,0,1
Morning,Resting,21,163,Rainy,Weekday,YES,18,43,0,1,0,0,0,1,0,0,1,1,1,1
Night,Running,96,120,Clear,Holiday,NO,57,81,1,0,1,0,1,1,1,0,0,0,0,0
Night,Running,13,166,Clear,Weekday,YES,5,69,1,0,1,0,1,1,1,0,0,0,1,1
Night,Resting,96,138,Rainy,Weekday,YES,26,45,0,1,0,0,0,1,0,1,1,1,1,0
Night,Driving,57,86,Rainy,Weekday,NO,30,9,1,1,0,0,0,0,0,0,1,1,0,0
Noon,Walking,64,60,Rainy,Weekday,YES,54,49,1,1,0,0,1,0,1,0,1,1,1,0
Morning,Running,10,50,Rainy,Weekday,NO,13,33,1,1,1,0,1,1,1,0,1,1,0,1
Night,Driving,98,119,Rainy,Weekday,YES,83,100,1,0,0,0,0,1,0,0,1,1,1,0
Night,Resting,75,69,Clear,Weekday,YES,29,100,0,0,0,0,0,0,0,1,0,0,1,0
Night,Driving,39,141,Rainy,Weekday,YES,3,18,1,1,0,0,0,1,0,0,1,1,1,1
Morning,Swimming,12,74,Clear,Holiday,NO,90,9,1,1,0,1,1,0,0,0,0,0,0,0
Noon,Running,30,106,Clear,Weekday,YES,58,62,1,0,1,0,1,1,1,0,0,0,1,0
Morning,Resting,98,116,Rainy,Weekday,NO,76,57,0,1,0,0,0,1,0,0,1,1,0,0
Noon,Walking,93,177,Rainy,Weekday,YES,2,29,1,1,0,0,1,1,1,0,1,1,1,1
Night,Resting,58,130,Clear,Weekday,YES,75,78,0,0,0,0,0,1,0,1,0,0,1,0
Night,Walking,95,146,Rainy,Holiday,NO,28,25,1,1,0,0,1,1,1,0,1,1,0,0
Morning,Resting,94,121,Rainy,Holiday,NO,82,15,0,1,0,0,0,1,0,0,1,1,0,0
Morning,Driving,71,174,Rainy,Holiday,NO,77,6,1,1,0,0,0,1,0,0,1,1,0,0
Noon,Driving,47,57,Cold,Holiday,NO,86,42,1,1,0,0,0,1,0,0,1,0,0,0
Noon,Driving,24,198,Clear,Holiday,NO,76,29,1,1,0,0,0,1,0,0,0,0,0,0
Morning,Swimming,61,54,Cold,Holiday,YES,2,79,1,0,0,1,1,1,0,0,1,0,1,1
Noon,Walking,88,87,Rainy,Holiday,YES,7,93,1,0,0,0,1,0,1,0,1,1,1,1
Morning,Driving,55,70,Cold,Holiday,NO,26,4,1,1,0,0,0,0,0,0,1,0,0,0
Noon,Swimming,34,163,Rainy,Holiday,YES,90,82,1,0,0,1,1,1,0,0,1,1,1,0
Morning,Walking,30,104,Cold,Holiday,YES,88,57,1,1,0,0,1,1,1,0,1,0,1,0
Morning,Resting,97,67,Rainy,Holiday,YES,76,49,0,1,0,0,0,0,0,0,1,1,1,0
Morning,Swimming,14,163,Cold,Holiday,NO,16,44,1,1,0,1,1,1,0,0,1,0,0,1
Noon,Running,79,104,Cold,Holiday,YES,23,80,1,0,1,0,1,1,1,0,1,0,1,0
Noon,Swimming,56,171,Cold,Holiday,YES,40,75,1,0,0,1,1,1,0,0,1,0,1,0
Noon,Swimming,96,95,Clear,Holiday,YES,60,14,1,1,0,1,1,0,0,0,0,0,1,0
Morning,Walking,77,197,Cold,Holiday,NO,73,3,1,1,0,0,1,1,1,0,1,0,0,0
Noon,Resting,100,32,Clear,Weekday,YES,32,62,0,0,0,0,0,1,0,1,0,0,1,0
Noon,Running,27,146,Rainy,Holiday,YES,15,64,1,0,1,0,1,1,1,0,1,1,1,1
Morning,Driving,30,128,Cold,Weekday,NO,13,45,1,1,0,0,0,1,0,0,1,0,0,1
Night,Driving,95,181,Rainy,Holiday,NO,5,82,1,0,0,0,0,1,0,0,1,1,0,1
Morning,Swimming,32,48,Rainy,Holiday,YES,75,58,1,1,0,1,1,1,0,0,1,1,1,0
Noon,Walking,73,175,Cold,Weekday,YES,74,20,1,1,0,0,1,1,1,0,1,0,1,0
Morning,Walking,76,145,Clear,Holiday,NO,52,58,1,1,0,0,1,1,1,0,0,0,0,0
Night,Driving,49,154,Cold,Weekday,NO,77,89,1,0,0,0,0,1,0,0,1,0,0,0
Morning,Running,19,117,Rainy,Weekday,NO,41,57,1,1,1,0,1,1,1,0,1,1,0,0
Noon,Resting,98,64,Rainy,Weekday,NO,53,77,0,0,0,0,0,0,0,1,1,1,0,0
Night,Running,61,30,Cold,Holiday,NO,50,68,1,0,1,0,1,1,1,0,1,0,0,0
Noon,Resting,81,182,Clear,Holiday,NO,15,78,0,0,0,0,0,1,0,1,0,0,0,1
Night,Driving,84,155,Clear,Holiday,NO,7,97,1,0,0,0,0,1,0,0,0,0,0,1
Night,Resting,70,118,Rainy,Weekday,YES,40,92,0,0,0,0,0,1,0,1,1,1,1,0
Morning,Walking,73,173,Rainy,Weekday,NO,28,52,1,1,0,0,1,1,1,0,1,1,0,0
Morning,Swimming,14,176,Clear,Holiday,NO,32,37,1,1,0,1,1,1,0,0,0,0,0,0
Noon,Swimming,62,180,Cold,Holiday,YES,99,8,1,1,0,1,1,1,0,0,1,0,1,0
Morning,Driving,64,54,Rainy,Holiday,NO,15,44,1,1,0,0,0,1,0,0,1,1,0,1
Morning,Walking,46,45,Clear,Holiday,NO,100,98,1,0,0,0,1,1,1,0,0,0,0,0
Night,Running,65,102,Rainy,Holiday,YES,85,5,1,1,1,0,1,1,1,0,1,1,1,0
Morning,Walking,68,158,Cold,Weekday,NO,70,69,1,0,0,0,1,1,1,0,1,0,0,0
Night,Swimming,78,71,Clear,Weekday,YES,65,31,1,1,0,1,1,0,0,0,0,0,1,0
Night,Swimming,82,176,Rainy,Weekday,YES,4,45,1,1,0,1,1,1,0,0,1,1,1,1
Night,Walking,68,191,Cold,Holiday,YES,11,9,1,1,0,0,1,1,1,0,1,0,1,1
Noon,Walking,11,109,Rainy,Weekday,YES,26,32,1,1,0,0,1,1,1,0,1,1,1,0
Noon,Swimming,74,133,Cold,Weekday,NO,61,33,1,1,0,1,1,1,0,0,1,0,0,0
Noon,Running,69,175,Cold,Weekday,YES,37,67,1,0,1,0,1,1,1,0,1,0,1,0
Night,Driving,60,63,Clear,Weekday,YES,23,30,1,1,0,0,0,0,0,0,0,0,1,0
Noon,Driving,39,118,Cold,Weekday,NO,93,76,1,0,0,0,0,1,0,0,1,0,0,0
Noon,Walking,20,154,Rainy,Holiday,YES,85,29,1,1,0,0,1,1,1,0,1,1,1,0
Morning,Driving,85,74,Cold,Weekday,YES,91,3,1,1,0,0,0,0,0,0,1,0,1,0
Noon,Swimming,48,163,Cold,Holiday,YES,40,90,1,0,0,1,1,1,0,0,1,0,1,0
Noon,Swimming,99,50,Clear,Holiday,YES,77,57,1,1,0,1,1,1,0,0,0,0,1,0
Night,Walking,86,151,Cold,Holiday,NO,23,30,1,1,0,0,1,1,1,0,1,0,0,0
Night,Walking,81,99,Cold,Holiday,YES,16,9,1,1,0,0,1,0,1,0,1,0,1,1
Night,Walking,72,125,Rainy,Holiday,NO,94,26,1,1,0,0,1,1,1,0,1,1,0,0
Night,Running,73,134,Clear,Weekday,NO,61,2,1,1,1,0,1,1,1,0,0,0,0,0
Night,Driving,70,77,Clear,Weekday,YES,68,62,1,0,0,0,0,0,0,0,0,0,1,0
Night,Walking,63,68,Clear,Holiday,YES,80,3,1,1,0,0,1,0,1,0,0,0,1,0
Noon,Resting,82,60,Cold,Holiday,YES,31,46,0,1,0,0,0,0,0,1,1,0,1,0
Night,Resting,67,39,Clear,Holiday,YES,53,68,0,0,0,0,0,1,0,1,0,0,1,0
Night,Swimming,94,59,Cold,Weekday,NO,25,25,1,1,0,1,1,1,0,0,1,0,0,0
Morning,Driving,65,47,Cold,Holiday,NO,44,51,1,1,0,0,0,1,0,0,1,0,0,0
Noon,Walking,43,117,Rainy,Weekday,NO,12,13,1,1,0,0,1,1,1,0,1,1,0,1
Noon,Resting,40,154,Rainy,Holiday,YES,90,44,0,1,0,0,0,1,0,1,1,1,1,0
Noon,Driving,61,102,Rainy,Weekday,NO,97,35,1,1,0,0,0,1,0,0,1,1,0,0
Night,Swimming,98,44,Rainy,Holiday,YES,92,55,1,1,0,1,1,1,0,0,1,1,1,0
Night,Running,85,33,Rainy,Weekday,YES,9,87,1,0,1,0,1,1,1,0,1,1,1,1
Night,Driving,10,197,Cold,Holiday,YES,12,9,1,1,0,0,0,1,0,0,1,0,1,1
Morning,Driving,64,38,Cold,Weekday,YES,69,2,1,1,0,0,0,1,0,0,1,0,1,0
Night,Running,31,138,Clear,Weekday,YES,54,61,1,0,1,0,1,1,1,0,0,0,1,0
Morning,Driving,49,166,Cold,Weekday,NO,54,41,1,1,0,0,0,1,0,0,1,0,0,0
Noon,Swimming,10,183,Cold,Weekday,NO,28,44,1,1,0,1,1,1,0,0,1,0,0,0
Night,Swimming,74,161,Rainy,Weekday,YES,56,64,1,0,0,1,1,1,0,0,1,1,1,0
Morning,Running,72,45,Cold,Weekday,NO,99,31,1,1,1,0,1,1,1,0,1,0,0,0
Morning,Walking,63,172,Rainy,Weekday,YES,69,47,1,1,0,0,1,1,1,0,1,1,1,0
Night,Resting,51,128,Clear,Holiday,YES,98,2,0,1,0,0,0,1,0,1,0,0,1,0
Noon,Walking,30,150,Clear,Holiday,YES,98,96,1,0,0,0,1,1,1,0,0,0,1,0
Noon,Driving,88,81,Cold,Holiday,NO,77,82,1,0,0,0,0,0,0,0,1,0,0,0
Noon,Resting,90,98,Clear,Holiday,YES,58,77,0,0,0,0,0,0,0,1,0,0,1,0
Morning,Running,31,34,Cold,Holiday,YES,78,69,1,0,1,0,1,1,1,0,1,0,1,0
Morning,Running,47,49,Clear,Weekday,NO,75,58,1,1,1,0,1,1,1,0,0,0,0,0
Morning,Resting,89,108,Rainy,Weekday,NO,42,44,0,1,0,0,0,1,0,0,1,1,0,0
Morning,Swimming,17,175,Rainy,Weekday,NO,38,74,1,0,0,1,1,1,0,0,1,1,0,0
Noon,Resting,71,140,Rainy,Weekday,YES,68,56,0,1,0,0,0,1,0,1,1,1,1,0
Night,Driving,56,31,Rainy,Weekday,YES,53,43,1,1,0,0,0,1,0,0,1,1,1,0
Morning,Swimming,26,122,Cold,Holiday,NO,33,89,1,0,0,1,1,1,0,0,1,0,0,0
Morning,Running,26,42,Clear,Holiday,YES,71,34,1,1,1,0,1,1,1,0,0,0,1,0
Noon,Resting,99,33,Cold,Holiday,NO,56,30,0,1,0,0,0,1,0,1,1,0,0,0
Night,Walking,22,199,Rainy,Holiday,NO,72,71,1,0,0,0,1,1,1,0,1,1,0,0
Night,Walking,26,138,Cold,Weekday,YES,51,70,1,0,0,0,1,1,1,0,1,0,1,0
Noon,Driving,47,103,Clear,Weekday,YES,74,55,1,1,0,0,0,1,0,0,0,0,1,0
Noon,Walking,90,124,Cold,Weekday,NO,43,67,1,0,0,0,1,1,1,0,1,0,0,0
Night,Resting,87,134,Clear,Holiday,NO,15,13,0,1,0,0,0,1,0,1,0,0,0,1
Morning,Resting,54,37,Cold,Weekday,NO,38,3,0,1,0,0,0,1,0,0,1,0,0,0
Night,Walking,15,96,Clear,Holiday,NO,15,26,1,1,0,0,1,0,1,0,0,0,0,1
Noon,Resting,44,139,Clear,Weekday,YES,5,57,0,1,0,0,0,1,0,1,0,0,1,1
Morning,Driving,23,38,Rainy,Weekday,NO,93,24,1,1,0,0,0,1,0,0,1,1,0,0
Morning,Swimming,81,146,Clear,Holiday,NO,83,53,1,1,0,1,1,1,0,0,0,0,0,0
Noon,Driving,70,40,Rainy,Weekday,NO,54,70,1,0,0,0,0,1,0,0,1,1,0,0
Noon,Driving,24,128,Rainy,Weekday,YES,51,43,1,1,0,0,0,1,0,0,1,1,1,0
Noon,Resting,63,71,Rainy,Holiday,YES,10,60,0,0,0,0,0,0,0,1,1,1,1,1
Night,Swimming,36,170,Cold,Weekday,NO,12,58,1,1,0,1,1,1,0,0,1,0,0,1
Night,Resting,22,193,Cold,Holiday,YES,4,49,0,1,0,0,0,1,0,1,1,0,1,1
Morning,Running,40,149,Cold,Weekday,YES,95,42,1,1,1,0,1,1,1,0,1,0,1,0
Noon,Resting,44,170,Cold,Weekday,YES,18,76,0,0,0,0,0,1,0,1,1,0,1,1
Morning,Resting,69,41,Clear,Weekday,NO,80,100,0,0,0,0,0,1,0,0,0,0,0,0
Morning,Resting,15,66,Clear,Weekday,NO,36,66,0,0,0,0,0,0,0,0,0,0,0,0
Morning,Swimming,78,103,Cold,Weekday,YES,25,11,1,1,0,1,1,1,0,0,1,0,1,0
Morning,Resting,95,102,Clear,Weekday,NO,87,98,0,0,0,0,0,1,0,0,0,0,0,0
Noon,Swimming,67,81,Clear,Weekday,NO,76,90,1,0,0,1,1,0,0,0,0,0,0,0
Morning,Walking,58,159,Rainy,Weekday,YES,98,18,1,1,0,0,1,1,1,0,1,1,1,0
Noon,Running,32,85,Rainy,Holiday,YES,36,85,1,0,1,0,1,0,1,0,1,1,1,0
Noon,Swimming,98,89,Rainy,Holiday,NO,67,100,1,0,0,1,1,0,0,0,1,1,0,0
Night,Walking,43,52,Rainy,Weekday,YES,9,52,1,1,0,0,1,1,1,0,1,1,1,1
Noon,Swimming,35,132,Clear,Weekday,NO,61,46,1,1,0,1,1,1,0,0,0,0,0,0
Night,Swimming,56,69,Cold,Holiday,NO,53,44,1,1,0,1,1,0,0,0,1,0,0,0
Noon,Running,14,93,Clear,Weekday,YES,18,22,1,1,1,0,1,0,1,0,0,0,1,1
Noon,Driving,99,114,Clear,Weekday,NO,43,53,1,1,0,0,0,1,0,0,0,0,0,0
Noon,Driving,29,180,Clear,Holiday,NO,35,59,1,1,0,0,0,1,0,0,0,0,0,0
Night,Swimming,15,186,Rainy,Weekday,YES,63,94,1,0,0,1,1,1,0,0,1,1,1,0
Night,Resting,79,118,Rainy,Weekday,YES,98,30,0,1,0,0,0,1,0,1,1,1,1,0
Morning,Walking,68,60,Rainy,Holiday,YES,78,8,1,1,0,0,1,0,1,0,1,1,1,0
